
INSERT INTO usr (login, email, is_enabled, password) VALUES ('ribbon', 'andrzejstazecki@gmail.com', true, 'a7c471cfd3c42dc6d6a8552ac2c0a22c');
INSERT INTO usr (login, email, is_enabled, password) VALUES ('first', 'email_address_01@domain.xyz', true, 'a7c471cfd3c42dc6d6a8552ac2c0a22c');
INSERT INTO usr (login, email, is_enabled, password) VALUES ('loginek', 'email_address_02@domain.xyz', true, 'a7c471cfd3c42dc6d6a8552ac2c0a22c');
INSERT INTO usr (login, email, is_enabled, password) VALUES ('cl1', 'email_address_04@domain.xyz', true, 'a7c471cfd3c42dc6d6a8552ac2c0a22c');
INSERT INTO usr (login, email, is_enabled, password) VALUES ('cl2', 'email_address_05@domain.xyz', true, 'a7c471cfd3c42dc6d6a8552ac2c0a22c');
INSERT INTO usr (login, email, is_enabled, password) VALUES ('cl3', 'email_address_06@domain.xyz', true, 'a7c471cfd3c42dc6d6a8552ac2c0a22c');
INSERT INTO usr (login, email, is_enabled, password) VALUES ('cl4', 'email_address_07@domain.xyz', true, 'a7c471cfd3c42dc6d6a8552ac2c0a22c');
INSERT INTO usr (login, email, is_enabled, password) VALUES ('cl5', 'email_address_08@domain.xyz', true, 'a7c471cfd3c42dc6d6a8552ac2c0a22c');
INSERT INTO usr (login, email, is_enabled, password) VALUES ('cl6', 'email_address_09@domain.xyz', true, 'a7c471cfd3c42dc6d6a8552ac2c0a22c');
INSERT INTO usr (login, email, is_enabled, password) VALUES ('cl7', 'email_address_10@domain.xyz', true, 'a7c471cfd3c42dc6d6a8552ac2c0a22c');
INSERT INTO usr (login, email, is_enabled, password) VALUES ('cl8', 'email_address_11@domain.xyz', true, 'a7c471cfd3c42dc6d6a8552ac2c0a22c');
INSERT INTO usr (login, email, is_enabled, password) VALUES ('cl9', 'email_address_12@domain.xyz', true, 'a7c471cfd3c42dc6d6a8552ac2c0a22c');
INSERT INTO usr (login, email, is_enabled, password) VALUES ('cl10', 'email_address_13@domain.xyz', true, 'a7c471cfd3c42dc6d6a8552ac2c0a22c');
INSERT INTO usr (login, email, is_enabled, password) VALUES ('admin2', 'email_address_14@domain.xyz', true, 'a7c471cfd3c42dc6d6a8552ac2c0a22c');
INSERT INTO usr (login, email, is_enabled, password) VALUES ('admin3', 'email_address_15@domain.xyz', true, 'a7c471cfd3c42dc6d6a8552ac2c0a22c');
INSERT INTO usr (login, email, is_enabled, password) VALUES ('admin4', 'email_address_16@domain.xyz', true, 'a7c471cfd3c42dc6d6a8552ac2c0a22c');
INSERT INTO usr (login, email, is_enabled, password) VALUES ('admin5', 'email_address_17@domain.xyz', true, 'a7c471cfd3c42dc6d6a8552ac2c0a22c');
INSERT INTO usr (login, email, is_enabled, password) VALUES ('admincl2', 'email_address_18@domain.xyz', true, 'a7c471cfd3c42dc6d6a8552ac2c0a22c');
INSERT INTO usr (login, email, is_enabled, password) VALUES ('admincl3', 'email_address_19@domain.xyz', true, 'a7c471cfd3c42dc6d6a8552ac2c0a22c');
INSERT INTO usr (login, email, is_enabled, password) VALUES ('admincl4', 'email_address_20@domain.xyz', true, 'a7c471cfd3c42dc6d6a8552ac2c0a22c');
INSERT INTO usr (login, email, is_enabled, password) VALUES ('admincl5', 'email_address_21@domain.xyz', true, 'a7c471cfd3c42dc6d6a8552ac2c0a22c');
INSERT INTO usr (login, email, is_enabled, password) VALUES ('admin', 'email_address_03@domain.xyz', true, 'a7c471cfd3c42dc6d6a8552ac2c0a22c');




INSERT INTO admin (login) VALUES ('ribbon');
INSERT INTO admin (login) VALUES ('admin');
INSERT INTO admin (login) VALUES ('admin2');
INSERT INTO admin (login) VALUES ('admin3');
INSERT INTO admin (login) VALUES ('admin4');
INSERT INTO admin (login) VALUES ('admin5');
INSERT INTO admin (login) VALUES ('admincl2');
INSERT INTO admin (login) VALUES ('admincl3');
INSERT INTO admin (login) VALUES ('admincl4');
INSERT INTO admin (login) VALUES ('admincl5');




INSERT INTO client (login, family_name, given_name, phone_number) VALUES ('ribbon', 'Stążecki', 'Andrzej', '123456789');
INSERT INTO client (login, family_name, given_name, phone_number) VALUES ('first', 'Kowalski', 'Jan', '123456789');
INSERT INTO client (login, family_name, given_name, phone_number) VALUES ('loginek', 'Malinowski', 'Ryszard', '123456789');
INSERT INTO client (login, family_name, given_name, phone_number) VALUES ('cl1', 'Zieliński', 'Tomasz', '123456789');
INSERT INTO client (login, family_name, given_name, phone_number) VALUES ('cl2', 'Kaczorowski', 'Zenon', '123456789');
INSERT INTO client (login, family_name, given_name, phone_number) VALUES ('cl3', 'Wiśniewska', 'Katarzyna', '123456789');
INSERT INTO client (login, family_name, given_name, phone_number) VALUES ('cl4', 'Mirowska', 'Anna', '123456789');
INSERT INTO client (login, family_name, given_name, phone_number) VALUES ('cl5', 'Białkowski', 'Mariusz', '123456789');
INSERT INTO client (login, family_name, given_name, phone_number) VALUES ('cl6', 'Malinowski', 'Hubert', '123456789');
INSERT INTO client (login, family_name, given_name, phone_number) VALUES ('cl7', 'Wieczorek', 'Lucjan', '123456789');
INSERT INTO client (login, family_name, given_name, phone_number) VALUES ('cl8', 'Nowakowski', 'Piotr', '123456789');
INSERT INTO client (login, family_name, given_name, phone_number) VALUES ('cl9', 'Kowalski', 'Jakub', '123456789');
INSERT INTO client (login, family_name, given_name, phone_number) VALUES ('cl10', 'Pilska', 'Agnieszka', '123456789');
INSERT INTO client (login, family_name, given_name, phone_number) VALUES ('admincl2', 'Malczewska', 'Joanna', '123456789');
INSERT INTO client (login, family_name, given_name, phone_number) VALUES ('admincl3', 'Biłgorajski', 'Mieczysław', '123456789');
INSERT INTO client (login, family_name, given_name, phone_number) VALUES ('admincl4', 'Jakubowska', 'Marta', '123456789');
INSERT INTO client (login, family_name, given_name, phone_number) VALUES ('admincl5', 'Solski', 'Mateusz', '123456789');





INSERT INTO delivery_address (delivery_address_id, city, login, post_code, street) VALUES (7, 'Gdańsk', 'ribbon', '01-234', 'ul. Cicha 132 m. 16');
INSERT INTO delivery_address (delivery_address_id, city, login, post_code, street) VALUES (9, 'Wrocław', 'first', '01-234', 'ul. Spokojna 156 m. 19');
INSERT INTO delivery_address (delivery_address_id, city, login, post_code, street) VALUES (14, 'Warszawa', 'ribbon', '01-234', 'ul. Główna 2/7');
INSERT INTO delivery_address (delivery_address_id, city, login, post_code, street) VALUES (760, 'Gierzyce', 'cl3', '01-234', 'Wilki 56a');
INSERT INTO delivery_address (delivery_address_id, city, login, post_code, street) VALUES (766, 'Opole', 'cl4', '01-234', 'ul. Owocowa 78/6');
INSERT INTO delivery_address (delivery_address_id, city, login, post_code, street) VALUES (769, 'Włocławek', 'cl4', '01-234', 'ul. Biała 32 m. 11');
INSERT INTO delivery_address (delivery_address_id, city, login, post_code, street) VALUES (775, 'Radom', 'cl5', '01-234', 'ul. Malinowa 4/2');
INSERT INTO delivery_address (delivery_address_id, city, login, post_code, street) VALUES (771, 'Szczecin', 'cl2', '01-234', 'ul. Okopowa 7/3');
INSERT INTO delivery_address (delivery_address_id, city, login, post_code, street) VALUES (779, 'Warszawa', 'admincl3', '01-234', 'ul. Bukowa 132 m. 16');
INSERT INTO delivery_address (delivery_address_id, city, login, post_code, street) VALUES (783, 'Piaseczno', 'admincl2', '01-234', 'ul. Sosnowa 132 m. 16');
INSERT INTO delivery_address (delivery_address_id, city, login, post_code, street) VALUES (786, 'Toruń', 'cl8', '01-234', 'ul. Tulipanowa 132 m. 16');
INSERT INTO delivery_address (delivery_address_id, city, login, post_code, street) VALUES (791, 'Kraków', 'admincl4', '01-234', 'ul. Kasztanowa 4/6');
INSERT INTO delivery_address (delivery_address_id, city, login, post_code, street) VALUES (794, 'Poznań', 'cl7', '01-234', 'ul. Głośna 6 m. 12');
INSERT INTO delivery_address (delivery_address_id, city, login, post_code, street) VALUES (796, 'Kielce', 'cl7', '01-234', 'ul. Słoneczna 4/7');
INSERT INTO delivery_address (delivery_address_id, city, login, post_code, street) VALUES (788, 'Lesice', 'cl8', '01-234', 'Kraby 15a');





INSERT INTO feature_type (feature_type_id, description) VALUES ('Typ procesora', '');
INSERT INTO feature_type (feature_type_id, description) VALUES ('Karta graficzna', '');
INSERT INTO feature_type (feature_type_id, description) VALUES ('Pamięć RAM', '');
INSERT INTO feature_type (feature_type_id, description) VALUES ('Pojemność dysku twardego', '');
INSERT INTO feature_type (feature_type_id, description) VALUES ('System operacyjny', '');
INSERT INTO feature_type (feature_type_id, description) VALUES ('Rodzaj pamięci', '');
INSERT INTO feature_type (feature_type_id, description) VALUES ('Liczba portów USB', '');
INSERT INTO feature_type (feature_type_id, description) VALUES ('Matryca (przekątna)', '');
INSERT INTO feature_type (feature_type_id, description) VALUES ('Rozdzielczość obrazu', '');
INSERT INTO feature_type (feature_type_id, description) VALUES ('Czas reakcji [ms]', '');
INSERT INTO feature_type (feature_type_id, description) VALUES ('Rodzaj piekarnika', '');
INSERT INTO feature_type (feature_type_id, description) VALUES ('Ilość pól grzejnych', '');
INSERT INTO feature_type (feature_type_id, description) VALUES ('Liczba szuflad', '');
INSERT INTO feature_type (feature_type_id, description) VALUES ('Klasa energetyczna', '');
INSERT INTO feature_type (feature_type_id, description) VALUES ('Typ okapu', '');
INSERT INTO feature_type (feature_type_id, description) VALUES ('Maksymalny wsad', '');
INSERT INTO feature_type (feature_type_id, description) VALUES ('Instalacja', '');
INSERT INTO feature_type (feature_type_id, description) VALUES ('Długość przewodu', '');
INSERT INTO feature_type (feature_type_id, description) VALUES ('Waga', '');
INSERT INTO feature_type (feature_type_id, description) VALUES ('Aparat', '');






INSERT INTO manufacturer (manufacturer_id, description, home_page, name) VALUES (1, NULL, NULL, 'Hewlett-Packard');
INSERT INTO manufacturer (manufacturer_id, description, home_page, name) VALUES (2, NULL, NULL, 'Acer');
INSERT INTO manufacturer (manufacturer_id, description, home_page, name) VALUES (3, NULL, NULL, 'Asus');
INSERT INTO manufacturer (manufacturer_id, description, home_page, name) VALUES (4, NULL, NULL, 'Dell');
INSERT INTO manufacturer (manufacturer_id, description, home_page, name) VALUES (5, NULL, NULL, 'Samsung');
INSERT INTO manufacturer (manufacturer_id, description, home_page, name) VALUES (70, '', '', 'Zanussi');
INSERT INTO manufacturer (manufacturer_id, description, home_page, name) VALUES (77, '', '', 'Amica');
INSERT INTO manufacturer (manufacturer_id, description, home_page, name) VALUES (80, '', '', 'Electrolux');
INSERT INTO manufacturer (manufacturer_id, description, home_page, name) VALUES (83, '', '', 'Philips');
INSERT INTO manufacturer (manufacturer_id, description, home_page, name) VALUES (88, '', '', 'Sony');
INSERT INTO manufacturer (manufacturer_id, description, home_page, name) VALUES (93, '', '', 'Apple');
INSERT INTO manufacturer (manufacturer_id, description, home_page, name) VALUES (101, '', '', 'Nokia');
INSERT INTO manufacturer (manufacturer_id, description, home_page, name) VALUES (112, '', '', 'LG Electronics');
INSERT INTO manufacturer (manufacturer_id, description, home_page, name) VALUES (117, '', '', 'Panasonic');




INSERT INTO category (category_id, description, sup_category_id) VALUES ('Komputery', NULL, NULL);
INSERT INTO category (category_id, description, sup_category_id) VALUES ('Laptopy', NULL, 'Komputery');
INSERT INTO category (category_id, description, sup_category_id) VALUES ('Komputery stacjonarne', NULL, 'Komputery');
INSERT INTO category (category_id, description, sup_category_id) VALUES ('Monitory', NULL, 'Komputery');
INSERT INTO category (category_id, description, sup_category_id) VALUES ('Monitory LCD', NULL, 'Monitory');
INSERT INTO category (category_id, description, sup_category_id) VALUES ('Monitory LED', NULL, 'Monitory');
INSERT INTO category (category_id, description, sup_category_id) VALUES ('Sprzęt AGD', NULL, NULL);
INSERT INTO category (category_id, description, sup_category_id) VALUES ('Sprzęt RTV', NULL, NULL);
INSERT INTO category (category_id, description, sup_category_id) VALUES ('Telewizory', NULL, 'Sprzęt RTV');
INSERT INTO category (category_id, description, sup_category_id) VALUES ('Telewizory LED', NULL, 'Telewizory');
INSERT INTO category (category_id, description, sup_category_id) VALUES ('Telewizory LCD', NULL, 'Telewizory');
INSERT INTO category (category_id, description, sup_category_id) VALUES ('Telewizory 3D', NULL, 'Telewizory');
INSERT INTO category (category_id, description, sup_category_id) VALUES ('Audio', NULL, 'Sprzęt RTV');
INSERT INTO category (category_id, description, sup_category_id) VALUES ('Słuchawki', NULL, 'Audio');
INSERT INTO category (category_id, description, sup_category_id) VALUES ('Telefony i akcesoria', NULL, NULL);
INSERT INTO category (category_id, description, sup_category_id) VALUES ('Telefony komórkowe', NULL, 'Telefony i akcesoria');




INSERT INTO product (product_id, category_id, description, manufacturer_id, name, price) VALUES (40, 'Komputery stacjonarne', '', 1, 'HP 7500MT i3-3220 W7/8P 1TB/4GB/DWRW/ B5H96ES', 2199.90000000000009);
INSERT INTO product (product_id, category_id, description, manufacturer_id, name, price) VALUES (43, 'Komputery stacjonarne', '', 2, 'Acer PC Veriton M6620G W7PR i53570/8/500/DVDRW/USB', 2856.69999999999982);
INSERT INTO product (product_id, category_id, description, manufacturer_id, name, price) VALUES (47, 'Komputery stacjonarne', '', 3, 'Asus PC BP6335-0G16100482 Win7Pro G1610/4GB/500GB', 1980.77999999999997);
INSERT INTO product (product_id, category_id, description, manufacturer_id, name, price) VALUES (52, 'Laptopy', '', 4, 'DELL M4700 I7-3740QM FHD 8GB 128GBSSD 500 GB K1000', 8730.79999999999927);
INSERT INTO product (product_id, category_id, description, manufacturer_id, name, price) VALUES (57, 'Monitory LCD', '', 4, 'DELL S2740L (C-LCD-S2740L)', 1190);
INSERT INTO product (product_id, category_id, description, manufacturer_id, name, price) VALUES (60, 'Monitory LCD', '', 1, 'HP LA2206xc (LW490AA#ABB)', 919);
INSERT INTO product (product_id, category_id, description, manufacturer_id, name, price) VALUES (63, 'Monitory LED', 'Monitor LED Dell U2312HM UltraSharp wyposażony w matrycę IPS o przekątnej 23 cali i rozdzielczości 1920×1080 pikseli, która zapewnia obraz najwyższej jakości. 4 porty USB oraz złącza DisplayPort, DVI i VGA umożliwiają łączność z wieloma rozmaitymi urządzeniami.', 4, 'DELL monitor LED U2312HM UltraSharp', 890);
INSERT INTO product (product_id, category_id, description, manufacturer_id, name, price) VALUES (67, 'Monitory LED', 'Monitor Samsung LS24C450MW wyposażony w ekran o przekątnej 24" i rozdzielczości 1920×1200. Dzięki technologii Mega Dynamic Contrast gwarantuje niezwykle żywe kolory, ostrość wyświetlanych kształtów oraz jasność. Funkcja Magic Angle pozwala na oglądanie filmów pod dowolnym kątem.', 5, 'Samsung LS24C450MW (LS24C45KMW/EN)', 9909);
INSERT INTO product (product_id, category_id, description, manufacturer_id, name, price) VALUES (71, 'Sprzęt AGD', 'ZANUSSI ZCG 560MW to model kuchni gazowo-elektrycznej przystosowany do niezależnej zabudowy. Kuchenka koloru białego o standardowych wymiarach 50 cm i 60 cm, pozwala dopasować ją do wybranej przestrzeni, a dzięki zastosowaniu najnowszych technologii jest to wybór bardzo ekonomiczny.', 70, 'Kuchnia ZANUSSI ZCG 560MW', 732.899999999999977);
INSERT INTO product (product_id, category_id, description, manufacturer_id, name, price) VALUES (73, 'Sprzęt AGD', 'Lodówka RL55VJBIH to lodówka z zamrażalnikiem u dołu, która urzekła już nie jednego klienta. Jest ona idealnym rozwiązaniem dla osób, które potrzebują funkcję mrożenia i zależy im na większej przestrzeni do codziennego chłodzenia.', 5, 'Lodówka SAMSUNG RL55VJBIH', 2549);
INSERT INTO product (product_id, category_id, description, manufacturer_id, name, price) VALUES (78, 'Sprzęt AGD', 'Okap AMICA OKC653SW to klasyczny model pochłaniacza wykonany w najnowszych technologiach. Nowoczesny design okapu idealnie wpisuje się w wolną zabudowę oraz jako moduł do kompletu mebli kuchennych.', 77, 'Okap AMICA OKC653SW', 1290);
INSERT INTO product (product_id, category_id, description, manufacturer_id, name, price) VALUES (81, 'Sprzęt AGD', 'Pralka EWF1276GDW to ładowana od frontu i sterowany elektronicznie model, posiadający wiele przydatnych, zaawansowanych technologicznie, ale niezwykle prostych w użytkowaniu funkcji.', 80, 'Pralka ELECTROLUX EWF1276GDW', 1685);
INSERT INTO product (product_id, category_id, description, manufacturer_id, name, price) VALUES (84, 'Słuchawki', 'Dzięki słuchawkom Philips możesz bezprzewodowo słuchać muzyki w domu. Dostrajają się one automatycznie, zapewniając najlepszy odbiór i doskonałe wrażenia podczas słuchania w domu.', 83, 'Philips SHC8535', 329.79000000000002);
INSERT INTO product (product_id, category_id, description, manufacturer_id, name, price) VALUES (89, 'Słuchawki', 'Słuchawki nauszne Sony MDR-ZX600 wyposażone w przetworniki akustyczne o średnicy 40 mm, które zapewniają dźwięk najwyższej jakości. Pasmo w zakresie 6 – 25 000 Hz gwarantuje zachowanie wszelkich szczegółów odtwarzanego utworu.', 88, 'SONY MDR-ZX600B', 189.789999999999992);
INSERT INTO product (product_id, category_id, description, manufacturer_id, name, price) VALUES (94, 'Telefony komórkowe', 'Smartfon Apple iPhone 5 wyposażony w zdumiewający wyświetlacz Retina o przekątnej 4" i rozdzielczości 1136×640 pikseli, który zapewnia niesamowity obraz najwyższej jakości. Nowy układ A6 gwarantuje najwyższą wydajność urządzenia.', 93, 'Apple iPhone 5, 16GB', 2699);
INSERT INTO product (product_id, category_id, description, manufacturer_id, name, price) VALUES (102, 'Telefony komórkowe', 'Nokia Lumia, Czarna to Smartfon z dotykowym ekranem o przekątnej 3.8 cala oraz rozdzielczości 800×480 pikseli. Telefon posiada dwurdzeniowy procesor Snapdragon S4, 2 × 1 GHz. Dodatkowo telefon pracuje w oparciu o system operacyjny MS Windows Phone 8.', 101, 'Nokia Lumia 620', 1099);
INSERT INTO product (product_id, category_id, description, manufacturer_id, name, price) VALUES (105, 'Telefony komórkowe', 'Smartphone Sony Xperia Z wyposażony w 5 calowy ekran o zdumiewającej rozdzielczości 1920×1080 pikseli. Czterordzeniowy procesor o taktowaniu 1,5 GHz gwarantuje doskonałą płynność działania urządzenia.', 88, 'SONY Xperia Z', 2890);
INSERT INTO product (product_id, category_id, description, manufacturer_id, name, price) VALUES (109, 'Telewizory 3D', 'Telewizor LED 3D UE46F6500 marki Samsung posiada matrycę o przekątnej 46 cali oraz rozdzielczości Full HD. Dzięki funkcji korekcji obrazu możesz cieszyć się lepszą jakością odtwarzanych mediów.', 5, 'Samsung UE46F6500', 3890.19000000000005);
INSERT INTO product (product_id, category_id, description, manufacturer_id, name, price) VALUES (113, 'Telewizory 3D', 'Telewizor 3D LED LG 47LM660S o przekątnej ekranu wynoszącej 47 cali. Technologia Cinema 3D eliminuje migotanie oraz zapewnia jaśniejszy i wyraźniejszy obraz 3D. Możliwość konwersji 2D do 3D pozwoli Ci obejrzeć ulubione filmy w zupełnie nowym wymiarze!', 112, 'LG 47LM660S', 3699);
INSERT INTO product (product_id, category_id, description, manufacturer_id, name, price) VALUES (118, 'Telewizory 3D', 'Telewizor plazmowy 3D Panasonic VIERA TX-P65ST50E NeoPlasma o przekątnej ekranu wynoszącej 65 cali. Obraz 3D w rozdzielczości Full HD zapewnia niesamowite doznania wizualne.', 117, 'Panasonic VIERA TX-P65ST50E', 7199);
INSERT INTO product (product_id, category_id, description, manufacturer_id, name, price) VALUES (122, 'Telewizory LCD', '', 83, 'PHILIPS 32PFL3008H/12', 999);
INSERT INTO product (product_id, category_id, description, manufacturer_id, name, price) VALUES (125, 'Telewizory LCD', 'Telewizor LCD Samsung LE40D503 o przekątnej ekranu wynoszącej 40 cali. Rozdzielczość Full HD gwarantuje doskonałą szczegółowość obrazu, a funkcja Wide Color Enhancer zapewnia idealne odwzorowanie kolorów, tak aby obraz stał się jeszcze bardziej rzeczywisty!', 5, 'Samsung LE40D503', 1599);
INSERT INTO product (product_id, category_id, description, manufacturer_id, name, price) VALUES (129, 'Telewizory LED', 'Telewizor LED Sony KDL-40R470 o przekątnej ekranu wynoszącej 40". Technologia Clear Resolution Enhancer poprawia czystość oraz zwiększa kontrast i odczucie głębi, dzięki czemu obraz staje się jeszcze bardziej rzeczywisty.', 88, 'SONY KDL-40R470', 2099);
INSERT INTO product (product_id, category_id, description, manufacturer_id, name, price) VALUES (132, 'Telewizory LED', 'Telewizor LED LG 42LS570S o przekątnej ekranu wynoszącej 42 cale. Urządzenie posiad panel Home Dashboard będący najbardziej intuicyjnym, najłatwiejszym w obsłudze i dającym największe możliwości personalizacji interfejsem użytkownika.', 112, 'LG 42LS570S', 2149);
INSERT INTO product (product_id, category_id, description, manufacturer_id, name, price) VALUES (136, 'Telewizory LED', 'Telewizor LED Samsung UE42F5500 o przekątnej ekranu wynoszącej 42 cale został wyposażony w funkcję Clean View, dzięki której emitowane programy telewizyjne są krystalicznie czyste. Technologia Wide Color Enhancer Plus oraz rozdzielczość Full HD gwarantują wyjątkową jakość wyświetlanych obrazów.', 5, 'Samsung UE42F5500', 2149.90000000000009);
INSERT INTO product (product_id, category_id, description, manufacturer_id, name, price) VALUES (49, 'Laptopy', '', 5, 'Samsung NP550P5C-S04PL 15,6" HD  i5-3210M 8GB 1TB', 2569);
INSERT INTO product (product_id, category_id, description, manufacturer_id, name, price) VALUES (140, 'Laptopy', '', 3, 'ASUS K56CB-XO100 - 8GB', 2799);





INSERT INTO product_instance (product_instance_id, added, product_id) VALUES (145, '2013-08-02 12:04:46.657', 89);
INSERT INTO product_instance (product_instance_id, added, product_id) VALUES (146, '2013-08-02 12:04:53.24', 89);
INSERT INTO product_instance (product_instance_id, added, product_id) VALUES (147, '2013-08-02 12:04:56.472', 89);
INSERT INTO product_instance (product_instance_id, added, product_id) VALUES (148, '2013-08-02 12:05:17.128', 89);
INSERT INTO product_instance (product_instance_id, added, product_id) VALUES (149, '2013-08-02 12:05:22.992', 89);
INSERT INTO product_instance (product_instance_id, added, product_id) VALUES (150, '2013-08-02 12:05:29.16', 89);
INSERT INTO product_instance (product_instance_id, added, product_id) VALUES (151, '2013-08-02 12:05:33.622', 89);
INSERT INTO product_instance (product_instance_id, added, product_id) VALUES (152, '2013-08-02 12:05:38.849', 89);
INSERT INTO product_instance (product_instance_id, added, product_id) VALUES (153, '2013-08-02 12:05:46.239', 89);
INSERT INTO product_instance (product_instance_id, added, product_id) VALUES (154, '2013-08-02 12:05:49.851', 89);
INSERT INTO product_instance (product_instance_id, added, product_id) VALUES (155, '2013-08-02 12:05:55.862', 89);
INSERT INTO product_instance (product_instance_id, added, product_id) VALUES (156, '2013-08-02 12:05:59.183', 89);
INSERT INTO product_instance (product_instance_id, added, product_id) VALUES (157, '2013-08-02 12:06:03.865', 89);
INSERT INTO product_instance (product_instance_id, added, product_id) VALUES (158, '2013-08-02 12:06:07.457', 89);
INSERT INTO product_instance (product_instance_id, added, product_id) VALUES (159, '2013-08-02 12:06:16.739', 89);
INSERT INTO product_instance (product_instance_id, added, product_id) VALUES (160, '2013-08-02 12:06:24.027', 89);
INSERT INTO product_instance (product_instance_id, added, product_id) VALUES (161, '2013-08-02 12:06:33.61', 89);
INSERT INTO product_instance (product_instance_id, added, product_id) VALUES (162, '2013-08-02 12:06:39.91', 89);
INSERT INTO product_instance (product_instance_id, added, product_id) VALUES (163, '2013-08-02 12:07:05.625', 84);
INSERT INTO product_instance (product_instance_id, added, product_id) VALUES (164, '2013-08-02 12:07:10.01', 84);
INSERT INTO product_instance (product_instance_id, added, product_id) VALUES (165, '2013-08-02 12:07:13.319', 84);
INSERT INTO product_instance (product_instance_id, added, product_id) VALUES (166, '2013-08-02 12:07:16.19', 84);
INSERT INTO product_instance (product_instance_id, added, product_id) VALUES (167, '2013-08-02 12:07:19.946', 84);
INSERT INTO product_instance (product_instance_id, added, product_id) VALUES (168, '2013-08-02 12:07:26.079', 84);
INSERT INTO product_instance (product_instance_id, added, product_id) VALUES (169, '2013-08-02 12:07:30.302', 84);
INSERT INTO product_instance (product_instance_id, added, product_id) VALUES (170, '2013-08-02 12:07:33.89', 84);
INSERT INTO product_instance (product_instance_id, added, product_id) VALUES (171, '2013-08-02 12:07:38.727', 84);
INSERT INTO product_instance (product_instance_id, added, product_id) VALUES (172, '2013-08-02 12:07:42.999', 84);
INSERT INTO product_instance (product_instance_id, added, product_id) VALUES (173, '2013-08-02 12:07:47.255', 84);
INSERT INTO product_instance (product_instance_id, added, product_id) VALUES (174, '2013-08-02 12:07:51.847', 84);
INSERT INTO product_instance (product_instance_id, added, product_id) VALUES (175, '2013-08-02 12:08:15.056', 71);
INSERT INTO product_instance (product_instance_id, added, product_id) VALUES (176, '2013-08-02 12:08:18.574', 71);
INSERT INTO product_instance (product_instance_id, added, product_id) VALUES (177, '2013-08-02 12:08:24.983', 71);
INSERT INTO product_instance (product_instance_id, added, product_id) VALUES (178, '2013-08-02 12:08:27.93', 71);
INSERT INTO product_instance (product_instance_id, added, product_id) VALUES (179, '2013-08-02 12:08:30.855', 71);
INSERT INTO product_instance (product_instance_id, added, product_id) VALUES (180, '2013-08-02 12:08:33.432', 71);
INSERT INTO product_instance (product_instance_id, added, product_id) VALUES (181, '2013-08-02 12:08:36.155', 71);
INSERT INTO product_instance (product_instance_id, added, product_id) VALUES (182, '2013-08-02 12:08:38.848', 71);
INSERT INTO product_instance (product_instance_id, added, product_id) VALUES (183, '2013-08-02 12:08:41.519', 71);
INSERT INTO product_instance (product_instance_id, added, product_id) VALUES (184, '2013-08-02 12:08:48.566', 71);
INSERT INTO product_instance (product_instance_id, added, product_id) VALUES (185, '2013-08-02 12:08:52.488', 71);
INSERT INTO product_instance (product_instance_id, added, product_id) VALUES (186, '2013-08-02 12:09:08.761', 63);
INSERT INTO product_instance (product_instance_id, added, product_id) VALUES (187, '2013-08-02 12:09:13.799', 63);
INSERT INTO product_instance (product_instance_id, added, product_id) VALUES (188, '2013-08-02 12:09:17.287', 63);
INSERT INTO product_instance (product_instance_id, added, product_id) VALUES (189, '2013-08-02 12:09:20.373', 63);
INSERT INTO product_instance (product_instance_id, added, product_id) VALUES (190, '2013-08-02 12:09:23.432', 63);
INSERT INTO product_instance (product_instance_id, added, product_id) VALUES (191, '2013-08-02 12:09:26.048', 63);
INSERT INTO product_instance (product_instance_id, added, product_id) VALUES (192, '2013-08-02 12:09:28.591', 63);
INSERT INTO product_instance (product_instance_id, added, product_id) VALUES (193, '2013-08-02 12:09:34.319', 63);
INSERT INTO product_instance (product_instance_id, added, product_id) VALUES (194, '2013-08-02 12:09:37.519', 63);
INSERT INTO product_instance (product_instance_id, added, product_id) VALUES (195, '2013-08-02 12:09:45.63', 63);
INSERT INTO product_instance (product_instance_id, added, product_id) VALUES (196, '2013-08-02 12:09:48.695', 63);
INSERT INTO product_instance (product_instance_id, added, product_id) VALUES (197, '2013-08-02 12:09:51.486', 63);
INSERT INTO product_instance (product_instance_id, added, product_id) VALUES (198, '2013-08-02 12:09:54.656', 63);
INSERT INTO product_instance (product_instance_id, added, product_id) VALUES (200, '2013-08-02 12:15:40.040465', 60);
INSERT INTO product_instance (product_instance_id, added, product_id) VALUES (201, '2013-08-02 12:17:00.793306', 60);
INSERT INTO product_instance (product_instance_id, added, product_id) VALUES (202, '2013-08-02 12:17:00.793306', 60);
INSERT INTO product_instance (product_instance_id, added, product_id) VALUES (203, '2013-08-02 12:17:00.793306', 60);
INSERT INTO product_instance (product_instance_id, added, product_id) VALUES (204, '2013-08-02 12:17:00.793306', 60);
INSERT INTO product_instance (product_instance_id, added, product_id) VALUES (205, '2013-08-02 12:17:00.793306', 60);
INSERT INTO product_instance (product_instance_id, added, product_id) VALUES (206, '2013-08-02 12:17:00.793306', 60);
INSERT INTO product_instance (product_instance_id, added, product_id) VALUES (207, '2013-08-02 12:17:00.793306', 60);
INSERT INTO product_instance (product_instance_id, added, product_id) VALUES (208, '2013-08-02 12:17:00.793306', 60);
INSERT INTO product_instance (product_instance_id, added, product_id) VALUES (209, '2013-08-02 12:17:00.793306', 60);
INSERT INTO product_instance (product_instance_id, added, product_id) VALUES (210, '2013-08-02 12:17:00.793306', 60);
INSERT INTO product_instance (product_instance_id, added, product_id) VALUES (211, '2013-08-02 12:17:00.793306', 60);
INSERT INTO product_instance (product_instance_id, added, product_id) VALUES (212, '2013-08-02 12:17:00.793306', 60);
INSERT INTO product_instance (product_instance_id, added, product_id) VALUES (213, '2013-08-02 12:17:00.793306', 60);
INSERT INTO product_instance (product_instance_id, added, product_id) VALUES (214, '2013-08-02 12:18:19.695837', 122);
INSERT INTO product_instance (product_instance_id, added, product_id) VALUES (215, '2013-08-02 12:18:19.695837', 122);
INSERT INTO product_instance (product_instance_id, added, product_id) VALUES (216, '2013-08-02 12:18:19.695837', 122);
INSERT INTO product_instance (product_instance_id, added, product_id) VALUES (217, '2013-08-02 12:18:19.695837', 122);
INSERT INTO product_instance (product_instance_id, added, product_id) VALUES (218, '2013-08-02 12:18:19.695837', 122);
INSERT INTO product_instance (product_instance_id, added, product_id) VALUES (219, '2013-08-02 12:18:19.695837', 122);
INSERT INTO product_instance (product_instance_id, added, product_id) VALUES (220, '2013-08-02 12:18:19.695837', 122);
INSERT INTO product_instance (product_instance_id, added, product_id) VALUES (221, '2013-08-02 12:18:19.695837', 122);
INSERT INTO product_instance (product_instance_id, added, product_id) VALUES (222, '2013-08-02 12:18:19.695837', 122);
INSERT INTO product_instance (product_instance_id, added, product_id) VALUES (223, '2013-08-02 12:18:19.695837', 122);
INSERT INTO product_instance (product_instance_id, added, product_id) VALUES (224, '2013-08-02 12:18:19.695837', 122);
INSERT INTO product_instance (product_instance_id, added, product_id) VALUES (225, '2013-08-02 12:18:19.695837', 122);
INSERT INTO product_instance (product_instance_id, added, product_id) VALUES (226, '2013-08-02 12:18:19.695837', 122);
INSERT INTO product_instance (product_instance_id, added, product_id) VALUES (227, '2013-08-02 12:18:19.695837', 122);
INSERT INTO product_instance (product_instance_id, added, product_id) VALUES (228, '2013-08-02 12:18:19.695837', 122);
INSERT INTO product_instance (product_instance_id, added, product_id) VALUES (229, '2013-08-02 12:18:19.695837', 122);
INSERT INTO product_instance (product_instance_id, added, product_id) VALUES (230, '2013-08-02 12:18:19.695837', 122);
INSERT INTO product_instance (product_instance_id, added, product_id) VALUES (231, '2013-08-02 12:18:59.513328', 102);
INSERT INTO product_instance (product_instance_id, added, product_id) VALUES (232, '2013-08-02 12:18:59.513328', 102);
INSERT INTO product_instance (product_instance_id, added, product_id) VALUES (233, '2013-08-02 12:18:59.513328', 102);
INSERT INTO product_instance (product_instance_id, added, product_id) VALUES (234, '2013-08-02 12:18:59.513328', 102);
INSERT INTO product_instance (product_instance_id, added, product_id) VALUES (235, '2013-08-02 12:18:59.513328', 102);
INSERT INTO product_instance (product_instance_id, added, product_id) VALUES (236, '2013-08-02 12:18:59.513328', 102);
INSERT INTO product_instance (product_instance_id, added, product_id) VALUES (237, '2013-08-02 12:18:59.513328', 102);
INSERT INTO product_instance (product_instance_id, added, product_id) VALUES (238, '2013-08-02 12:18:59.513328', 102);
INSERT INTO product_instance (product_instance_id, added, product_id) VALUES (239, '2013-08-02 12:18:59.513328', 102);
INSERT INTO product_instance (product_instance_id, added, product_id) VALUES (240, '2013-08-02 12:18:59.513328', 102);
INSERT INTO product_instance (product_instance_id, added, product_id) VALUES (241, '2013-08-02 12:18:59.513328', 102);
INSERT INTO product_instance (product_instance_id, added, product_id) VALUES (242, '2013-08-02 12:18:59.513328', 102);
INSERT INTO product_instance (product_instance_id, added, product_id) VALUES (243, '2013-08-02 12:18:59.513328', 102);
INSERT INTO product_instance (product_instance_id, added, product_id) VALUES (244, '2013-08-02 12:18:59.513328', 102);
INSERT INTO product_instance (product_instance_id, added, product_id) VALUES (245, '2013-08-02 12:18:59.513328', 102);
INSERT INTO product_instance (product_instance_id, added, product_id) VALUES (246, '2013-08-02 12:18:59.513328', 102);
INSERT INTO product_instance (product_instance_id, added, product_id) VALUES (247, '2013-08-02 12:18:59.513328', 102);
INSERT INTO product_instance (product_instance_id, added, product_id) VALUES (248, '2013-08-02 12:18:59.513328', 102);
INSERT INTO product_instance (product_instance_id, added, product_id) VALUES (249, '2013-08-02 12:18:59.513328', 102);
INSERT INTO product_instance (product_instance_id, added, product_id) VALUES (250, '2013-08-02 12:18:59.513328', 102);
INSERT INTO product_instance (product_instance_id, added, product_id) VALUES (251, '2013-08-02 12:18:59.513328', 102);
INSERT INTO product_instance (product_instance_id, added, product_id) VALUES (252, '2013-08-02 12:18:59.513328', 102);
INSERT INTO product_instance (product_instance_id, added, product_id) VALUES (253, '2013-08-02 12:19:39.115465', 57);
INSERT INTO product_instance (product_instance_id, added, product_id) VALUES (254, '2013-08-02 12:19:39.115465', 57);
INSERT INTO product_instance (product_instance_id, added, product_id) VALUES (255, '2013-08-02 12:19:39.115465', 57);
INSERT INTO product_instance (product_instance_id, added, product_id) VALUES (256, '2013-08-02 12:19:39.115465', 57);
INSERT INTO product_instance (product_instance_id, added, product_id) VALUES (257, '2013-08-02 12:19:39.115465', 57);
INSERT INTO product_instance (product_instance_id, added, product_id) VALUES (258, '2013-08-02 12:19:39.115465', 57);
INSERT INTO product_instance (product_instance_id, added, product_id) VALUES (259, '2013-08-02 12:19:39.115465', 57);
INSERT INTO product_instance (product_instance_id, added, product_id) VALUES (260, '2013-08-02 12:19:39.115465', 57);
INSERT INTO product_instance (product_instance_id, added, product_id) VALUES (261, '2013-08-02 12:19:39.115465', 57);
INSERT INTO product_instance (product_instance_id, added, product_id) VALUES (262, '2013-08-02 12:19:39.115465', 57);
INSERT INTO product_instance (product_instance_id, added, product_id) VALUES (263, '2013-08-02 12:19:39.115465', 57);
INSERT INTO product_instance (product_instance_id, added, product_id) VALUES (264, '2013-08-02 12:19:39.115465', 57);
INSERT INTO product_instance (product_instance_id, added, product_id) VALUES (265, '2013-08-02 12:19:39.115465', 57);
INSERT INTO product_instance (product_instance_id, added, product_id) VALUES (266, '2013-08-02 12:19:39.115465', 57);
INSERT INTO product_instance (product_instance_id, added, product_id) VALUES (267, '2013-08-02 12:19:39.115465', 57);
INSERT INTO product_instance (product_instance_id, added, product_id) VALUES (268, '2013-08-02 12:19:39.115465', 57);
INSERT INTO product_instance (product_instance_id, added, product_id) VALUES (269, '2013-08-02 12:19:39.115465', 57);
INSERT INTO product_instance (product_instance_id, added, product_id) VALUES (270, '2013-08-02 12:19:39.115465', 57);
INSERT INTO product_instance (product_instance_id, added, product_id) VALUES (271, '2013-08-02 12:19:39.115465', 57);
INSERT INTO product_instance (product_instance_id, added, product_id) VALUES (272, '2013-08-02 12:19:39.115465', 57);
INSERT INTO product_instance (product_instance_id, added, product_id) VALUES (273, '2013-08-02 12:19:39.115465', 57);
INSERT INTO product_instance (product_instance_id, added, product_id) VALUES (274, '2013-08-02 12:19:39.115465', 57);
INSERT INTO product_instance (product_instance_id, added, product_id) VALUES (275, '2013-08-02 12:20:21.156148', 78);
INSERT INTO product_instance (product_instance_id, added, product_id) VALUES (276, '2013-08-02 12:20:21.156148', 78);
INSERT INTO product_instance (product_instance_id, added, product_id) VALUES (277, '2013-08-02 12:20:21.156148', 78);
INSERT INTO product_instance (product_instance_id, added, product_id) VALUES (278, '2013-08-02 12:20:21.156148', 78);
INSERT INTO product_instance (product_instance_id, added, product_id) VALUES (279, '2013-08-02 12:20:21.156148', 78);
INSERT INTO product_instance (product_instance_id, added, product_id) VALUES (280, '2013-08-02 12:20:21.156148', 78);
INSERT INTO product_instance (product_instance_id, added, product_id) VALUES (281, '2013-08-02 12:20:21.156148', 78);
INSERT INTO product_instance (product_instance_id, added, product_id) VALUES (282, '2013-08-02 12:20:21.156148', 78);
INSERT INTO product_instance (product_instance_id, added, product_id) VALUES (283, '2013-08-02 12:20:21.156148', 78);
INSERT INTO product_instance (product_instance_id, added, product_id) VALUES (284, '2013-08-02 12:20:21.156148', 78);
INSERT INTO product_instance (product_instance_id, added, product_id) VALUES (285, '2013-08-02 12:20:21.156148', 78);
INSERT INTO product_instance (product_instance_id, added, product_id) VALUES (286, '2013-08-02 12:20:21.156148', 78);
INSERT INTO product_instance (product_instance_id, added, product_id) VALUES (287, '2013-08-02 12:20:21.156148', 78);
INSERT INTO product_instance (product_instance_id, added, product_id) VALUES (288, '2013-08-02 12:20:21.156148', 78);
INSERT INTO product_instance (product_instance_id, added, product_id) VALUES (289, '2013-08-02 12:20:21.156148', 78);
INSERT INTO product_instance (product_instance_id, added, product_id) VALUES (290, '2013-08-02 12:20:21.156148', 78);
INSERT INTO product_instance (product_instance_id, added, product_id) VALUES (291, '2013-08-02 12:20:21.156148', 78);
INSERT INTO product_instance (product_instance_id, added, product_id) VALUES (292, '2013-08-02 12:20:21.156148', 78);
INSERT INTO product_instance (product_instance_id, added, product_id) VALUES (293, '2013-08-02 12:20:21.156148', 78);
INSERT INTO product_instance (product_instance_id, added, product_id) VALUES (294, '2013-08-02 12:20:21.156148', 78);
INSERT INTO product_instance (product_instance_id, added, product_id) VALUES (295, '2013-08-02 12:20:21.156148', 78);
INSERT INTO product_instance (product_instance_id, added, product_id) VALUES (296, '2013-08-02 12:20:21.156148', 78);
INSERT INTO product_instance (product_instance_id, added, product_id) VALUES (297, '2013-08-02 12:20:55.366186', 125);
INSERT INTO product_instance (product_instance_id, added, product_id) VALUES (298, '2013-08-02 12:20:55.366186', 125);
INSERT INTO product_instance (product_instance_id, added, product_id) VALUES (299, '2013-08-02 12:20:55.366186', 125);
INSERT INTO product_instance (product_instance_id, added, product_id) VALUES (300, '2013-08-02 12:20:55.366186', 125);
INSERT INTO product_instance (product_instance_id, added, product_id) VALUES (301, '2013-08-02 12:20:55.366186', 125);
INSERT INTO product_instance (product_instance_id, added, product_id) VALUES (302, '2013-08-02 12:20:55.366186', 125);
INSERT INTO product_instance (product_instance_id, added, product_id) VALUES (303, '2013-08-02 12:20:55.366186', 125);
INSERT INTO product_instance (product_instance_id, added, product_id) VALUES (304, '2013-08-02 12:20:55.366186', 125);
INSERT INTO product_instance (product_instance_id, added, product_id) VALUES (305, '2013-08-02 12:20:55.366186', 125);
INSERT INTO product_instance (product_instance_id, added, product_id) VALUES (306, '2013-08-02 12:20:55.366186', 125);
INSERT INTO product_instance (product_instance_id, added, product_id) VALUES (307, '2013-08-02 12:20:55.366186', 125);
INSERT INTO product_instance (product_instance_id, added, product_id) VALUES (308, '2013-08-02 12:20:55.366186', 125);
INSERT INTO product_instance (product_instance_id, added, product_id) VALUES (309, '2013-08-02 12:20:55.366186', 125);
INSERT INTO product_instance (product_instance_id, added, product_id) VALUES (310, '2013-08-02 12:20:55.366186', 125);
INSERT INTO product_instance (product_instance_id, added, product_id) VALUES (311, '2013-08-02 12:20:55.366186', 125);
INSERT INTO product_instance (product_instance_id, added, product_id) VALUES (312, '2013-08-02 12:20:55.366186', 125);
INSERT INTO product_instance (product_instance_id, added, product_id) VALUES (313, '2013-08-02 12:20:55.366186', 125);
INSERT INTO product_instance (product_instance_id, added, product_id) VALUES (314, '2013-08-02 12:20:55.366186', 125);
INSERT INTO product_instance (product_instance_id, added, product_id) VALUES (315, '2013-08-02 12:20:55.366186', 125);
INSERT INTO product_instance (product_instance_id, added, product_id) VALUES (316, '2013-08-02 12:20:55.366186', 125);
INSERT INTO product_instance (product_instance_id, added, product_id) VALUES (317, '2013-08-02 12:20:55.366186', 125);
INSERT INTO product_instance (product_instance_id, added, product_id) VALUES (318, '2013-08-02 12:20:55.366186', 125);
INSERT INTO product_instance (product_instance_id, added, product_id) VALUES (319, '2013-08-02 12:21:28.234588', 81);
INSERT INTO product_instance (product_instance_id, added, product_id) VALUES (320, '2013-08-02 12:21:28.234588', 81);
INSERT INTO product_instance (product_instance_id, added, product_id) VALUES (321, '2013-08-02 12:21:28.234588', 81);
INSERT INTO product_instance (product_instance_id, added, product_id) VALUES (322, '2013-08-02 12:21:28.234588', 81);
INSERT INTO product_instance (product_instance_id, added, product_id) VALUES (323, '2013-08-02 12:21:28.234588', 81);
INSERT INTO product_instance (product_instance_id, added, product_id) VALUES (324, '2013-08-02 12:21:28.234588', 81);
INSERT INTO product_instance (product_instance_id, added, product_id) VALUES (325, '2013-08-02 12:21:28.234588', 81);
INSERT INTO product_instance (product_instance_id, added, product_id) VALUES (326, '2013-08-02 12:21:28.234588', 81);
INSERT INTO product_instance (product_instance_id, added, product_id) VALUES (327, '2013-08-02 12:21:28.234588', 81);
INSERT INTO product_instance (product_instance_id, added, product_id) VALUES (328, '2013-08-02 12:21:28.234588', 81);
INSERT INTO product_instance (product_instance_id, added, product_id) VALUES (329, '2013-08-02 12:21:28.234588', 81);
INSERT INTO product_instance (product_instance_id, added, product_id) VALUES (330, '2013-08-02 12:21:28.234588', 81);
INSERT INTO product_instance (product_instance_id, added, product_id) VALUES (331, '2013-08-02 12:21:28.234588', 81);
INSERT INTO product_instance (product_instance_id, added, product_id) VALUES (332, '2013-08-02 12:21:28.234588', 81);
INSERT INTO product_instance (product_instance_id, added, product_id) VALUES (333, '2013-08-02 12:21:28.234588', 81);
INSERT INTO product_instance (product_instance_id, added, product_id) VALUES (334, '2013-08-02 12:21:28.234588', 81);
INSERT INTO product_instance (product_instance_id, added, product_id) VALUES (335, '2013-08-02 12:21:28.234588', 81);
INSERT INTO product_instance (product_instance_id, added, product_id) VALUES (336, '2013-08-02 12:21:28.234588', 81);
INSERT INTO product_instance (product_instance_id, added, product_id) VALUES (337, '2013-08-02 12:21:28.234588', 81);
INSERT INTO product_instance (product_instance_id, added, product_id) VALUES (338, '2013-08-02 12:21:28.234588', 81);
INSERT INTO product_instance (product_instance_id, added, product_id) VALUES (339, '2013-08-02 12:21:28.234588', 81);
INSERT INTO product_instance (product_instance_id, added, product_id) VALUES (340, '2013-08-02 12:21:28.234588', 81);
INSERT INTO product_instance (product_instance_id, added, product_id) VALUES (341, '2013-08-02 12:21:58.579098', 47);
INSERT INTO product_instance (product_instance_id, added, product_id) VALUES (342, '2013-08-02 12:21:58.579098', 47);
INSERT INTO product_instance (product_instance_id, added, product_id) VALUES (343, '2013-08-02 12:21:58.579098', 47);
INSERT INTO product_instance (product_instance_id, added, product_id) VALUES (344, '2013-08-02 12:21:58.579098', 47);
INSERT INTO product_instance (product_instance_id, added, product_id) VALUES (345, '2013-08-02 12:21:58.579098', 47);
INSERT INTO product_instance (product_instance_id, added, product_id) VALUES (346, '2013-08-02 12:21:58.579098', 47);
INSERT INTO product_instance (product_instance_id, added, product_id) VALUES (347, '2013-08-02 12:21:58.579098', 47);
INSERT INTO product_instance (product_instance_id, added, product_id) VALUES (348, '2013-08-02 12:21:58.579098', 47);
INSERT INTO product_instance (product_instance_id, added, product_id) VALUES (349, '2013-08-02 12:21:58.579098', 47);
INSERT INTO product_instance (product_instance_id, added, product_id) VALUES (350, '2013-08-02 12:21:58.579098', 47);
INSERT INTO product_instance (product_instance_id, added, product_id) VALUES (351, '2013-08-02 12:21:58.579098', 47);
INSERT INTO product_instance (product_instance_id, added, product_id) VALUES (352, '2013-08-02 12:21:58.579098', 47);
INSERT INTO product_instance (product_instance_id, added, product_id) VALUES (353, '2013-08-02 12:21:58.579098', 47);
INSERT INTO product_instance (product_instance_id, added, product_id) VALUES (354, '2013-08-02 12:21:58.579098', 47);
INSERT INTO product_instance (product_instance_id, added, product_id) VALUES (355, '2013-08-02 12:21:58.579098', 47);
INSERT INTO product_instance (product_instance_id, added, product_id) VALUES (356, '2013-08-02 12:21:58.579098', 47);
INSERT INTO product_instance (product_instance_id, added, product_id) VALUES (357, '2013-08-02 12:21:58.579098', 47);
INSERT INTO product_instance (product_instance_id, added, product_id) VALUES (358, '2013-08-02 12:21:58.579098', 47);
INSERT INTO product_instance (product_instance_id, added, product_id) VALUES (359, '2013-08-02 12:21:58.579098', 47);
INSERT INTO product_instance (product_instance_id, added, product_id) VALUES (360, '2013-08-02 12:21:58.579098', 47);
INSERT INTO product_instance (product_instance_id, added, product_id) VALUES (361, '2013-08-02 12:21:58.579098', 47);
INSERT INTO product_instance (product_instance_id, added, product_id) VALUES (362, '2013-08-02 12:21:58.579098', 47);
INSERT INTO product_instance (product_instance_id, added, product_id) VALUES (363, '2013-08-02 12:22:27.265165', 129);
INSERT INTO product_instance (product_instance_id, added, product_id) VALUES (364, '2013-08-02 12:22:27.265165', 129);
INSERT INTO product_instance (product_instance_id, added, product_id) VALUES (365, '2013-08-02 12:22:27.265165', 129);
INSERT INTO product_instance (product_instance_id, added, product_id) VALUES (366, '2013-08-02 12:22:27.265165', 129);
INSERT INTO product_instance (product_instance_id, added, product_id) VALUES (367, '2013-08-02 12:22:27.265165', 129);
INSERT INTO product_instance (product_instance_id, added, product_id) VALUES (368, '2013-08-02 12:22:27.265165', 129);
INSERT INTO product_instance (product_instance_id, added, product_id) VALUES (369, '2013-08-02 12:22:27.265165', 129);
INSERT INTO product_instance (product_instance_id, added, product_id) VALUES (370, '2013-08-02 12:22:27.265165', 129);
INSERT INTO product_instance (product_instance_id, added, product_id) VALUES (371, '2013-08-02 12:22:27.265165', 129);
INSERT INTO product_instance (product_instance_id, added, product_id) VALUES (372, '2013-08-02 12:22:27.265165', 129);
INSERT INTO product_instance (product_instance_id, added, product_id) VALUES (373, '2013-08-02 12:22:27.265165', 129);
INSERT INTO product_instance (product_instance_id, added, product_id) VALUES (374, '2013-08-02 12:22:27.265165', 129);
INSERT INTO product_instance (product_instance_id, added, product_id) VALUES (375, '2013-08-02 12:22:27.265165', 129);
INSERT INTO product_instance (product_instance_id, added, product_id) VALUES (376, '2013-08-02 12:22:27.265165', 129);
INSERT INTO product_instance (product_instance_id, added, product_id) VALUES (377, '2013-08-02 12:22:27.265165', 129);
INSERT INTO product_instance (product_instance_id, added, product_id) VALUES (378, '2013-08-02 12:22:27.265165', 129);
INSERT INTO product_instance (product_instance_id, added, product_id) VALUES (379, '2013-08-02 12:22:27.265165', 129);
INSERT INTO product_instance (product_instance_id, added, product_id) VALUES (380, '2013-08-02 12:22:27.265165', 129);
INSERT INTO product_instance (product_instance_id, added, product_id) VALUES (381, '2013-08-02 12:22:27.265165', 129);
INSERT INTO product_instance (product_instance_id, added, product_id) VALUES (382, '2013-08-02 12:22:27.265165', 129);
INSERT INTO product_instance (product_instance_id, added, product_id) VALUES (383, '2013-08-02 12:22:27.265165', 129);
INSERT INTO product_instance (product_instance_id, added, product_id) VALUES (384, '2013-08-02 12:22:27.265165', 129);
INSERT INTO product_instance (product_instance_id, added, product_id) VALUES (385, '2013-08-02 12:22:54.554856', 132);
INSERT INTO product_instance (product_instance_id, added, product_id) VALUES (386, '2013-08-02 12:22:54.554856', 132);
INSERT INTO product_instance (product_instance_id, added, product_id) VALUES (387, '2013-08-02 12:22:54.554856', 132);
INSERT INTO product_instance (product_instance_id, added, product_id) VALUES (388, '2013-08-02 12:22:54.554856', 132);
INSERT INTO product_instance (product_instance_id, added, product_id) VALUES (389, '2013-08-02 12:22:54.554856', 132);
INSERT INTO product_instance (product_instance_id, added, product_id) VALUES (390, '2013-08-02 12:22:54.554856', 132);
INSERT INTO product_instance (product_instance_id, added, product_id) VALUES (391, '2013-08-02 12:22:54.554856', 132);
INSERT INTO product_instance (product_instance_id, added, product_id) VALUES (392, '2013-08-02 12:22:54.554856', 132);
INSERT INTO product_instance (product_instance_id, added, product_id) VALUES (393, '2013-08-02 12:22:54.554856', 132);
INSERT INTO product_instance (product_instance_id, added, product_id) VALUES (394, '2013-08-02 12:22:54.554856', 132);
INSERT INTO product_instance (product_instance_id, added, product_id) VALUES (395, '2013-08-02 12:22:54.554856', 132);
INSERT INTO product_instance (product_instance_id, added, product_id) VALUES (396, '2013-08-02 12:22:54.554856', 132);
INSERT INTO product_instance (product_instance_id, added, product_id) VALUES (397, '2013-08-02 12:22:54.554856', 132);
INSERT INTO product_instance (product_instance_id, added, product_id) VALUES (398, '2013-08-02 12:22:54.554856', 132);
INSERT INTO product_instance (product_instance_id, added, product_id) VALUES (399, '2013-08-02 12:22:54.554856', 132);
INSERT INTO product_instance (product_instance_id, added, product_id) VALUES (400, '2013-08-02 12:22:54.554856', 132);
INSERT INTO product_instance (product_instance_id, added, product_id) VALUES (401, '2013-08-02 12:22:54.554856', 132);
INSERT INTO product_instance (product_instance_id, added, product_id) VALUES (402, '2013-08-02 12:22:54.554856', 132);
INSERT INTO product_instance (product_instance_id, added, product_id) VALUES (403, '2013-08-02 12:22:54.554856', 132);
INSERT INTO product_instance (product_instance_id, added, product_id) VALUES (404, '2013-08-02 12:22:54.554856', 132);
INSERT INTO product_instance (product_instance_id, added, product_id) VALUES (405, '2013-08-02 12:22:54.554856', 132);
INSERT INTO product_instance (product_instance_id, added, product_id) VALUES (406, '2013-08-02 12:22:54.554856', 132);
INSERT INTO product_instance (product_instance_id, added, product_id) VALUES (407, '2013-08-02 12:23:22.636893', 136);
INSERT INTO product_instance (product_instance_id, added, product_id) VALUES (408, '2013-08-02 12:23:22.636893', 136);
INSERT INTO product_instance (product_instance_id, added, product_id) VALUES (409, '2013-08-02 12:23:22.636893', 136);
INSERT INTO product_instance (product_instance_id, added, product_id) VALUES (410, '2013-08-02 12:23:22.636893', 136);
INSERT INTO product_instance (product_instance_id, added, product_id) VALUES (411, '2013-08-02 12:23:22.636893', 136);
INSERT INTO product_instance (product_instance_id, added, product_id) VALUES (412, '2013-08-02 12:23:22.636893', 136);
INSERT INTO product_instance (product_instance_id, added, product_id) VALUES (413, '2013-08-02 12:23:22.636893', 136);
INSERT INTO product_instance (product_instance_id, added, product_id) VALUES (414, '2013-08-02 12:23:22.636893', 136);
INSERT INTO product_instance (product_instance_id, added, product_id) VALUES (415, '2013-08-02 12:23:22.636893', 136);
INSERT INTO product_instance (product_instance_id, added, product_id) VALUES (416, '2013-08-02 12:23:22.636893', 136);
INSERT INTO product_instance (product_instance_id, added, product_id) VALUES (417, '2013-08-02 12:23:22.636893', 136);
INSERT INTO product_instance (product_instance_id, added, product_id) VALUES (418, '2013-08-02 12:23:22.636893', 136);
INSERT INTO product_instance (product_instance_id, added, product_id) VALUES (419, '2013-08-02 12:23:22.636893', 136);
INSERT INTO product_instance (product_instance_id, added, product_id) VALUES (420, '2013-08-02 12:23:22.636893', 136);
INSERT INTO product_instance (product_instance_id, added, product_id) VALUES (421, '2013-08-02 12:23:22.636893', 136);
INSERT INTO product_instance (product_instance_id, added, product_id) VALUES (422, '2013-08-02 12:23:22.636893', 136);
INSERT INTO product_instance (product_instance_id, added, product_id) VALUES (423, '2013-08-02 12:23:22.636893', 136);
INSERT INTO product_instance (product_instance_id, added, product_id) VALUES (424, '2013-08-02 12:23:22.636893', 136);
INSERT INTO product_instance (product_instance_id, added, product_id) VALUES (425, '2013-08-02 12:23:22.636893', 136);
INSERT INTO product_instance (product_instance_id, added, product_id) VALUES (426, '2013-08-02 12:23:22.636893', 136);
INSERT INTO product_instance (product_instance_id, added, product_id) VALUES (427, '2013-08-02 12:23:22.636893', 136);
INSERT INTO product_instance (product_instance_id, added, product_id) VALUES (428, '2013-08-02 12:23:22.636893', 136);
INSERT INTO product_instance (product_instance_id, added, product_id) VALUES (429, '2013-08-02 12:23:23.975255', 136);
INSERT INTO product_instance (product_instance_id, added, product_id) VALUES (430, '2013-08-02 12:23:23.975255', 136);
INSERT INTO product_instance (product_instance_id, added, product_id) VALUES (431, '2013-08-02 12:23:23.975255', 136);
INSERT INTO product_instance (product_instance_id, added, product_id) VALUES (432, '2013-08-02 12:23:23.975255', 136);
INSERT INTO product_instance (product_instance_id, added, product_id) VALUES (433, '2013-08-02 12:23:23.975255', 136);
INSERT INTO product_instance (product_instance_id, added, product_id) VALUES (434, '2013-08-02 12:23:23.975255', 136);
INSERT INTO product_instance (product_instance_id, added, product_id) VALUES (435, '2013-08-02 12:23:23.975255', 136);
INSERT INTO product_instance (product_instance_id, added, product_id) VALUES (436, '2013-08-02 12:23:23.975255', 136);
INSERT INTO product_instance (product_instance_id, added, product_id) VALUES (437, '2013-08-02 12:23:23.975255', 136);
INSERT INTO product_instance (product_instance_id, added, product_id) VALUES (438, '2013-08-02 12:23:23.975255', 136);
INSERT INTO product_instance (product_instance_id, added, product_id) VALUES (439, '2013-08-02 12:23:23.975255', 136);
INSERT INTO product_instance (product_instance_id, added, product_id) VALUES (440, '2013-08-02 12:23:23.975255', 136);
INSERT INTO product_instance (product_instance_id, added, product_id) VALUES (441, '2013-08-02 12:23:23.975255', 136);
INSERT INTO product_instance (product_instance_id, added, product_id) VALUES (442, '2013-08-02 12:23:23.975255', 136);
INSERT INTO product_instance (product_instance_id, added, product_id) VALUES (443, '2013-08-02 12:23:23.975255', 136);
INSERT INTO product_instance (product_instance_id, added, product_id) VALUES (444, '2013-08-02 12:23:23.975255', 136);
INSERT INTO product_instance (product_instance_id, added, product_id) VALUES (445, '2013-08-02 12:23:23.975255', 136);
INSERT INTO product_instance (product_instance_id, added, product_id) VALUES (446, '2013-08-02 12:23:23.975255', 136);
INSERT INTO product_instance (product_instance_id, added, product_id) VALUES (447, '2013-08-02 12:23:23.975255', 136);
INSERT INTO product_instance (product_instance_id, added, product_id) VALUES (448, '2013-08-02 12:23:23.975255', 136);
INSERT INTO product_instance (product_instance_id, added, product_id) VALUES (449, '2013-08-02 12:23:23.975255', 136);
INSERT INTO product_instance (product_instance_id, added, product_id) VALUES (450, '2013-08-02 12:23:23.975255', 136);
INSERT INTO product_instance (product_instance_id, added, product_id) VALUES (451, '2013-08-02 12:23:25.970508', 136);
INSERT INTO product_instance (product_instance_id, added, product_id) VALUES (452, '2013-08-02 12:23:25.970508', 136);
INSERT INTO product_instance (product_instance_id, added, product_id) VALUES (453, '2013-08-02 12:23:25.970508', 136);
INSERT INTO product_instance (product_instance_id, added, product_id) VALUES (454, '2013-08-02 12:23:25.970508', 136);
INSERT INTO product_instance (product_instance_id, added, product_id) VALUES (455, '2013-08-02 12:23:25.970508', 136);
INSERT INTO product_instance (product_instance_id, added, product_id) VALUES (456, '2013-08-02 12:23:25.970508', 136);
INSERT INTO product_instance (product_instance_id, added, product_id) VALUES (457, '2013-08-02 12:23:25.970508', 136);
INSERT INTO product_instance (product_instance_id, added, product_id) VALUES (458, '2013-08-02 12:23:25.970508', 136);
INSERT INTO product_instance (product_instance_id, added, product_id) VALUES (459, '2013-08-02 12:23:25.970508', 136);
INSERT INTO product_instance (product_instance_id, added, product_id) VALUES (460, '2013-08-02 12:23:25.970508', 136);
INSERT INTO product_instance (product_instance_id, added, product_id) VALUES (461, '2013-08-02 12:23:25.970508', 136);
INSERT INTO product_instance (product_instance_id, added, product_id) VALUES (462, '2013-08-02 12:23:25.970508', 136);
INSERT INTO product_instance (product_instance_id, added, product_id) VALUES (463, '2013-08-02 12:23:25.970508', 136);
INSERT INTO product_instance (product_instance_id, added, product_id) VALUES (464, '2013-08-02 12:23:25.970508', 136);
INSERT INTO product_instance (product_instance_id, added, product_id) VALUES (465, '2013-08-02 12:23:25.970508', 136);
INSERT INTO product_instance (product_instance_id, added, product_id) VALUES (466, '2013-08-02 12:23:25.970508', 136);
INSERT INTO product_instance (product_instance_id, added, product_id) VALUES (467, '2013-08-02 12:23:25.970508', 136);
INSERT INTO product_instance (product_instance_id, added, product_id) VALUES (468, '2013-08-02 12:23:25.970508', 136);
INSERT INTO product_instance (product_instance_id, added, product_id) VALUES (469, '2013-08-02 12:23:25.970508', 136);
INSERT INTO product_instance (product_instance_id, added, product_id) VALUES (470, '2013-08-02 12:23:25.970508', 136);
INSERT INTO product_instance (product_instance_id, added, product_id) VALUES (471, '2013-08-02 12:23:25.970508', 136);
INSERT INTO product_instance (product_instance_id, added, product_id) VALUES (472, '2013-08-02 12:23:25.970508', 136);
INSERT INTO product_instance (product_instance_id, added, product_id) VALUES (473, '2013-08-02 12:23:59.66195', 40);
INSERT INTO product_instance (product_instance_id, added, product_id) VALUES (474, '2013-08-02 12:23:59.66195', 40);
INSERT INTO product_instance (product_instance_id, added, product_id) VALUES (475, '2013-08-02 12:23:59.66195', 40);
INSERT INTO product_instance (product_instance_id, added, product_id) VALUES (476, '2013-08-02 12:23:59.66195', 40);
INSERT INTO product_instance (product_instance_id, added, product_id) VALUES (477, '2013-08-02 12:23:59.66195', 40);
INSERT INTO product_instance (product_instance_id, added, product_id) VALUES (478, '2013-08-02 12:23:59.66195', 40);
INSERT INTO product_instance (product_instance_id, added, product_id) VALUES (479, '2013-08-02 12:23:59.66195', 40);
INSERT INTO product_instance (product_instance_id, added, product_id) VALUES (480, '2013-08-02 12:23:59.66195', 40);
INSERT INTO product_instance (product_instance_id, added, product_id) VALUES (481, '2013-08-02 12:23:59.66195', 40);
INSERT INTO product_instance (product_instance_id, added, product_id) VALUES (482, '2013-08-02 12:23:59.66195', 40);
INSERT INTO product_instance (product_instance_id, added, product_id) VALUES (483, '2013-08-02 12:23:59.66195', 40);
INSERT INTO product_instance (product_instance_id, added, product_id) VALUES (484, '2013-08-02 12:23:59.66195', 40);
INSERT INTO product_instance (product_instance_id, added, product_id) VALUES (485, '2013-08-02 12:23:59.66195', 40);
INSERT INTO product_instance (product_instance_id, added, product_id) VALUES (486, '2013-08-02 12:23:59.66195', 40);
INSERT INTO product_instance (product_instance_id, added, product_id) VALUES (487, '2013-08-02 12:23:59.66195', 40);
INSERT INTO product_instance (product_instance_id, added, product_id) VALUES (488, '2013-08-02 12:23:59.66195', 40);
INSERT INTO product_instance (product_instance_id, added, product_id) VALUES (489, '2013-08-02 12:23:59.66195', 40);
INSERT INTO product_instance (product_instance_id, added, product_id) VALUES (490, '2013-08-02 12:23:59.66195', 40);
INSERT INTO product_instance (product_instance_id, added, product_id) VALUES (491, '2013-08-02 12:23:59.66195', 40);
INSERT INTO product_instance (product_instance_id, added, product_id) VALUES (492, '2013-08-02 12:23:59.66195', 40);
INSERT INTO product_instance (product_instance_id, added, product_id) VALUES (493, '2013-08-02 12:23:59.66195', 40);
INSERT INTO product_instance (product_instance_id, added, product_id) VALUES (494, '2013-08-02 12:23:59.66195', 40);
INSERT INTO product_instance (product_instance_id, added, product_id) VALUES (495, '2013-08-02 12:24:33.643365', 73);
INSERT INTO product_instance (product_instance_id, added, product_id) VALUES (496, '2013-08-02 12:24:33.643365', 73);
INSERT INTO product_instance (product_instance_id, added, product_id) VALUES (497, '2013-08-02 12:24:33.643365', 73);
INSERT INTO product_instance (product_instance_id, added, product_id) VALUES (498, '2013-08-02 12:24:33.643365', 73);
INSERT INTO product_instance (product_instance_id, added, product_id) VALUES (499, '2013-08-02 12:24:33.643365', 73);
INSERT INTO product_instance (product_instance_id, added, product_id) VALUES (500, '2013-08-02 12:24:33.643365', 73);
INSERT INTO product_instance (product_instance_id, added, product_id) VALUES (501, '2013-08-02 12:24:33.643365', 73);
INSERT INTO product_instance (product_instance_id, added, product_id) VALUES (502, '2013-08-02 12:24:33.643365', 73);
INSERT INTO product_instance (product_instance_id, added, product_id) VALUES (503, '2013-08-02 12:24:33.643365', 73);
INSERT INTO product_instance (product_instance_id, added, product_id) VALUES (504, '2013-08-02 12:24:33.643365', 73);
INSERT INTO product_instance (product_instance_id, added, product_id) VALUES (505, '2013-08-02 12:24:33.643365', 73);
INSERT INTO product_instance (product_instance_id, added, product_id) VALUES (506, '2013-08-02 12:24:33.643365', 73);
INSERT INTO product_instance (product_instance_id, added, product_id) VALUES (507, '2013-08-02 12:24:33.643365', 73);
INSERT INTO product_instance (product_instance_id, added, product_id) VALUES (508, '2013-08-02 12:24:33.643365', 73);
INSERT INTO product_instance (product_instance_id, added, product_id) VALUES (509, '2013-08-02 12:24:33.643365', 73);
INSERT INTO product_instance (product_instance_id, added, product_id) VALUES (510, '2013-08-02 12:24:33.643365', 73);
INSERT INTO product_instance (product_instance_id, added, product_id) VALUES (511, '2013-08-02 12:24:33.643365', 73);
INSERT INTO product_instance (product_instance_id, added, product_id) VALUES (512, '2013-08-02 12:24:33.643365', 73);
INSERT INTO product_instance (product_instance_id, added, product_id) VALUES (513, '2013-08-02 12:24:33.643365', 73);
INSERT INTO product_instance (product_instance_id, added, product_id) VALUES (514, '2013-08-02 12:24:33.643365', 73);
INSERT INTO product_instance (product_instance_id, added, product_id) VALUES (515, '2013-08-02 12:24:33.643365', 73);
INSERT INTO product_instance (product_instance_id, added, product_id) VALUES (516, '2013-08-02 12:24:33.643365', 73);
INSERT INTO product_instance (product_instance_id, added, product_id) VALUES (517, '2013-08-02 12:24:56.429892', 49);
INSERT INTO product_instance (product_instance_id, added, product_id) VALUES (518, '2013-08-02 12:24:56.429892', 49);
INSERT INTO product_instance (product_instance_id, added, product_id) VALUES (519, '2013-08-02 12:24:56.429892', 49);
INSERT INTO product_instance (product_instance_id, added, product_id) VALUES (520, '2013-08-02 12:24:56.429892', 49);
INSERT INTO product_instance (product_instance_id, added, product_id) VALUES (521, '2013-08-02 12:24:56.429892', 49);
INSERT INTO product_instance (product_instance_id, added, product_id) VALUES (522, '2013-08-02 12:24:56.429892', 49);
INSERT INTO product_instance (product_instance_id, added, product_id) VALUES (523, '2013-08-02 12:24:56.429892', 49);
INSERT INTO product_instance (product_instance_id, added, product_id) VALUES (524, '2013-08-02 12:24:56.429892', 49);
INSERT INTO product_instance (product_instance_id, added, product_id) VALUES (525, '2013-08-02 12:24:56.429892', 49);
INSERT INTO product_instance (product_instance_id, added, product_id) VALUES (526, '2013-08-02 12:24:56.429892', 49);
INSERT INTO product_instance (product_instance_id, added, product_id) VALUES (527, '2013-08-02 12:24:56.429892', 49);
INSERT INTO product_instance (product_instance_id, added, product_id) VALUES (528, '2013-08-02 12:24:56.429892', 49);
INSERT INTO product_instance (product_instance_id, added, product_id) VALUES (529, '2013-08-02 12:24:56.429892', 49);
INSERT INTO product_instance (product_instance_id, added, product_id) VALUES (530, '2013-08-02 12:24:56.429892', 49);
INSERT INTO product_instance (product_instance_id, added, product_id) VALUES (531, '2013-08-02 12:24:56.429892', 49);
INSERT INTO product_instance (product_instance_id, added, product_id) VALUES (532, '2013-08-02 12:24:56.429892', 49);
INSERT INTO product_instance (product_instance_id, added, product_id) VALUES (533, '2013-08-02 12:24:56.429892', 49);
INSERT INTO product_instance (product_instance_id, added, product_id) VALUES (534, '2013-08-02 12:24:56.429892', 49);
INSERT INTO product_instance (product_instance_id, added, product_id) VALUES (535, '2013-08-02 12:24:56.429892', 49);
INSERT INTO product_instance (product_instance_id, added, product_id) VALUES (536, '2013-08-02 12:24:56.429892', 49);
INSERT INTO product_instance (product_instance_id, added, product_id) VALUES (537, '2013-08-02 12:24:56.429892', 49);
INSERT INTO product_instance (product_instance_id, added, product_id) VALUES (538, '2013-08-02 12:24:56.429892', 49);
INSERT INTO product_instance (product_instance_id, added, product_id) VALUES (539, '2013-08-02 12:25:28.923392', 94);
INSERT INTO product_instance (product_instance_id, added, product_id) VALUES (540, '2013-08-02 12:25:28.923392', 94);
INSERT INTO product_instance (product_instance_id, added, product_id) VALUES (541, '2013-08-02 12:25:28.923392', 94);
INSERT INTO product_instance (product_instance_id, added, product_id) VALUES (542, '2013-08-02 12:25:28.923392', 94);
INSERT INTO product_instance (product_instance_id, added, product_id) VALUES (543, '2013-08-02 12:25:28.923392', 94);
INSERT INTO product_instance (product_instance_id, added, product_id) VALUES (544, '2013-08-02 12:25:28.923392', 94);
INSERT INTO product_instance (product_instance_id, added, product_id) VALUES (545, '2013-08-02 12:25:28.923392', 94);
INSERT INTO product_instance (product_instance_id, added, product_id) VALUES (546, '2013-08-02 12:25:28.923392', 94);
INSERT INTO product_instance (product_instance_id, added, product_id) VALUES (547, '2013-08-02 12:25:28.923392', 94);
INSERT INTO product_instance (product_instance_id, added, product_id) VALUES (548, '2013-08-02 12:25:28.923392', 94);
INSERT INTO product_instance (product_instance_id, added, product_id) VALUES (549, '2013-08-02 12:25:28.923392', 94);
INSERT INTO product_instance (product_instance_id, added, product_id) VALUES (550, '2013-08-02 12:25:28.923392', 94);
INSERT INTO product_instance (product_instance_id, added, product_id) VALUES (551, '2013-08-02 12:25:28.923392', 94);
INSERT INTO product_instance (product_instance_id, added, product_id) VALUES (552, '2013-08-02 12:25:28.923392', 94);
INSERT INTO product_instance (product_instance_id, added, product_id) VALUES (553, '2013-08-02 12:25:28.923392', 94);
INSERT INTO product_instance (product_instance_id, added, product_id) VALUES (554, '2013-08-02 12:25:28.923392', 94);
INSERT INTO product_instance (product_instance_id, added, product_id) VALUES (555, '2013-08-02 12:25:28.923392', 94);
INSERT INTO product_instance (product_instance_id, added, product_id) VALUES (556, '2013-08-02 12:25:28.923392', 94);
INSERT INTO product_instance (product_instance_id, added, product_id) VALUES (557, '2013-08-02 12:25:28.923392', 94);
INSERT INTO product_instance (product_instance_id, added, product_id) VALUES (558, '2013-08-02 12:25:28.923392', 94);
INSERT INTO product_instance (product_instance_id, added, product_id) VALUES (559, '2013-08-02 12:25:28.923392', 94);
INSERT INTO product_instance (product_instance_id, added, product_id) VALUES (560, '2013-08-02 12:25:28.923392', 94);
INSERT INTO product_instance (product_instance_id, added, product_id) VALUES (561, '2013-08-02 12:25:56.611077', 140);
INSERT INTO product_instance (product_instance_id, added, product_id) VALUES (562, '2013-08-02 12:25:56.611077', 140);
INSERT INTO product_instance (product_instance_id, added, product_id) VALUES (563, '2013-08-02 12:25:56.611077', 140);
INSERT INTO product_instance (product_instance_id, added, product_id) VALUES (564, '2013-08-02 12:25:56.611077', 140);
INSERT INTO product_instance (product_instance_id, added, product_id) VALUES (565, '2013-08-02 12:25:56.611077', 140);
INSERT INTO product_instance (product_instance_id, added, product_id) VALUES (566, '2013-08-02 12:25:56.611077', 140);
INSERT INTO product_instance (product_instance_id, added, product_id) VALUES (567, '2013-08-02 12:25:56.611077', 140);
INSERT INTO product_instance (product_instance_id, added, product_id) VALUES (568, '2013-08-02 12:25:56.611077', 140);
INSERT INTO product_instance (product_instance_id, added, product_id) VALUES (569, '2013-08-02 12:25:56.611077', 140);
INSERT INTO product_instance (product_instance_id, added, product_id) VALUES (570, '2013-08-02 12:25:56.611077', 140);
INSERT INTO product_instance (product_instance_id, added, product_id) VALUES (571, '2013-08-02 12:25:56.611077', 140);
INSERT INTO product_instance (product_instance_id, added, product_id) VALUES (572, '2013-08-02 12:25:56.611077', 140);
INSERT INTO product_instance (product_instance_id, added, product_id) VALUES (573, '2013-08-02 12:25:56.611077', 140);
INSERT INTO product_instance (product_instance_id, added, product_id) VALUES (574, '2013-08-02 12:25:56.611077', 140);
INSERT INTO product_instance (product_instance_id, added, product_id) VALUES (575, '2013-08-02 12:25:56.611077', 140);
INSERT INTO product_instance (product_instance_id, added, product_id) VALUES (576, '2013-08-02 12:25:56.611077', 140);
INSERT INTO product_instance (product_instance_id, added, product_id) VALUES (577, '2013-08-02 12:25:56.611077', 140);
INSERT INTO product_instance (product_instance_id, added, product_id) VALUES (578, '2013-08-02 12:25:56.611077', 140);
INSERT INTO product_instance (product_instance_id, added, product_id) VALUES (579, '2013-08-02 12:25:56.611077', 140);
INSERT INTO product_instance (product_instance_id, added, product_id) VALUES (580, '2013-08-02 12:25:56.611077', 140);
INSERT INTO product_instance (product_instance_id, added, product_id) VALUES (581, '2013-08-02 12:25:56.611077', 140);
INSERT INTO product_instance (product_instance_id, added, product_id) VALUES (582, '2013-08-02 12:25:56.611077', 140);
INSERT INTO product_instance (product_instance_id, added, product_id) VALUES (583, '2013-08-02 12:26:19.500156', 43);
INSERT INTO product_instance (product_instance_id, added, product_id) VALUES (584, '2013-08-02 12:26:19.500156', 43);
INSERT INTO product_instance (product_instance_id, added, product_id) VALUES (585, '2013-08-02 12:26:19.500156', 43);
INSERT INTO product_instance (product_instance_id, added, product_id) VALUES (586, '2013-08-02 12:26:19.500156', 43);
INSERT INTO product_instance (product_instance_id, added, product_id) VALUES (587, '2013-08-02 12:26:19.500156', 43);
INSERT INTO product_instance (product_instance_id, added, product_id) VALUES (588, '2013-08-02 12:26:19.500156', 43);
INSERT INTO product_instance (product_instance_id, added, product_id) VALUES (589, '2013-08-02 12:26:19.500156', 43);
INSERT INTO product_instance (product_instance_id, added, product_id) VALUES (590, '2013-08-02 12:26:19.500156', 43);
INSERT INTO product_instance (product_instance_id, added, product_id) VALUES (591, '2013-08-02 12:26:19.500156', 43);
INSERT INTO product_instance (product_instance_id, added, product_id) VALUES (592, '2013-08-02 12:26:19.500156', 43);
INSERT INTO product_instance (product_instance_id, added, product_id) VALUES (593, '2013-08-02 12:26:19.500156', 43);
INSERT INTO product_instance (product_instance_id, added, product_id) VALUES (594, '2013-08-02 12:26:19.500156', 43);
INSERT INTO product_instance (product_instance_id, added, product_id) VALUES (595, '2013-08-02 12:26:19.500156', 43);
INSERT INTO product_instance (product_instance_id, added, product_id) VALUES (596, '2013-08-02 12:26:19.500156', 43);
INSERT INTO product_instance (product_instance_id, added, product_id) VALUES (597, '2013-08-02 12:26:19.500156', 43);
INSERT INTO product_instance (product_instance_id, added, product_id) VALUES (598, '2013-08-02 12:26:19.500156', 43);
INSERT INTO product_instance (product_instance_id, added, product_id) VALUES (599, '2013-08-02 12:26:19.500156', 43);
INSERT INTO product_instance (product_instance_id, added, product_id) VALUES (600, '2013-08-02 12:26:19.500156', 43);
INSERT INTO product_instance (product_instance_id, added, product_id) VALUES (601, '2013-08-02 12:26:19.500156', 43);
INSERT INTO product_instance (product_instance_id, added, product_id) VALUES (602, '2013-08-02 12:26:19.500156', 43);
INSERT INTO product_instance (product_instance_id, added, product_id) VALUES (603, '2013-08-02 12:26:19.500156', 43);
INSERT INTO product_instance (product_instance_id, added, product_id) VALUES (604, '2013-08-02 12:26:19.500156', 43);
INSERT INTO product_instance (product_instance_id, added, product_id) VALUES (605, '2013-08-02 12:26:39.707012', 105);
INSERT INTO product_instance (product_instance_id, added, product_id) VALUES (606, '2013-08-02 12:26:39.707012', 105);
INSERT INTO product_instance (product_instance_id, added, product_id) VALUES (607, '2013-08-02 12:26:39.707012', 105);
INSERT INTO product_instance (product_instance_id, added, product_id) VALUES (608, '2013-08-02 12:26:39.707012', 105);
INSERT INTO product_instance (product_instance_id, added, product_id) VALUES (609, '2013-08-02 12:26:39.707012', 105);
INSERT INTO product_instance (product_instance_id, added, product_id) VALUES (610, '2013-08-02 12:26:39.707012', 105);
INSERT INTO product_instance (product_instance_id, added, product_id) VALUES (611, '2013-08-02 12:26:39.707012', 105);
INSERT INTO product_instance (product_instance_id, added, product_id) VALUES (612, '2013-08-02 12:26:39.707012', 105);
INSERT INTO product_instance (product_instance_id, added, product_id) VALUES (613, '2013-08-02 12:26:39.707012', 105);
INSERT INTO product_instance (product_instance_id, added, product_id) VALUES (614, '2013-08-02 12:26:39.707012', 105);
INSERT INTO product_instance (product_instance_id, added, product_id) VALUES (615, '2013-08-02 12:26:39.707012', 105);
INSERT INTO product_instance (product_instance_id, added, product_id) VALUES (616, '2013-08-02 12:26:39.707012', 105);
INSERT INTO product_instance (product_instance_id, added, product_id) VALUES (617, '2013-08-02 12:26:39.707012', 105);
INSERT INTO product_instance (product_instance_id, added, product_id) VALUES (618, '2013-08-02 12:26:39.707012', 105);
INSERT INTO product_instance (product_instance_id, added, product_id) VALUES (619, '2013-08-02 12:26:39.707012', 105);
INSERT INTO product_instance (product_instance_id, added, product_id) VALUES (620, '2013-08-02 12:26:39.707012', 105);
INSERT INTO product_instance (product_instance_id, added, product_id) VALUES (621, '2013-08-02 12:26:39.707012', 105);
INSERT INTO product_instance (product_instance_id, added, product_id) VALUES (622, '2013-08-02 12:26:39.707012', 105);
INSERT INTO product_instance (product_instance_id, added, product_id) VALUES (623, '2013-08-02 12:26:39.707012', 105);
INSERT INTO product_instance (product_instance_id, added, product_id) VALUES (624, '2013-08-02 12:26:39.707012', 105);
INSERT INTO product_instance (product_instance_id, added, product_id) VALUES (625, '2013-08-02 12:26:39.707012', 105);
INSERT INTO product_instance (product_instance_id, added, product_id) VALUES (626, '2013-08-02 12:26:39.707012', 105);
INSERT INTO product_instance (product_instance_id, added, product_id) VALUES (627, '2013-08-02 12:27:06.955496', 113);
INSERT INTO product_instance (product_instance_id, added, product_id) VALUES (628, '2013-08-02 12:27:06.955496', 113);
INSERT INTO product_instance (product_instance_id, added, product_id) VALUES (629, '2013-08-02 12:27:06.955496', 113);
INSERT INTO product_instance (product_instance_id, added, product_id) VALUES (630, '2013-08-02 12:27:06.955496', 113);
INSERT INTO product_instance (product_instance_id, added, product_id) VALUES (631, '2013-08-02 12:27:06.955496', 113);
INSERT INTO product_instance (product_instance_id, added, product_id) VALUES (632, '2013-08-02 12:27:06.955496', 113);
INSERT INTO product_instance (product_instance_id, added, product_id) VALUES (633, '2013-08-02 12:27:06.955496', 113);
INSERT INTO product_instance (product_instance_id, added, product_id) VALUES (634, '2013-08-02 12:27:06.955496', 113);
INSERT INTO product_instance (product_instance_id, added, product_id) VALUES (635, '2013-08-02 12:27:06.955496', 113);
INSERT INTO product_instance (product_instance_id, added, product_id) VALUES (636, '2013-08-02 12:27:06.955496', 113);
INSERT INTO product_instance (product_instance_id, added, product_id) VALUES (637, '2013-08-02 12:27:06.955496', 113);
INSERT INTO product_instance (product_instance_id, added, product_id) VALUES (638, '2013-08-02 12:27:06.955496', 113);
INSERT INTO product_instance (product_instance_id, added, product_id) VALUES (639, '2013-08-02 12:27:06.955496', 113);
INSERT INTO product_instance (product_instance_id, added, product_id) VALUES (640, '2013-08-02 12:27:06.955496', 113);
INSERT INTO product_instance (product_instance_id, added, product_id) VALUES (641, '2013-08-02 12:27:06.955496', 113);
INSERT INTO product_instance (product_instance_id, added, product_id) VALUES (642, '2013-08-02 12:27:06.955496', 113);
INSERT INTO product_instance (product_instance_id, added, product_id) VALUES (643, '2013-08-02 12:27:06.955496', 113);
INSERT INTO product_instance (product_instance_id, added, product_id) VALUES (644, '2013-08-02 12:27:06.955496', 113);
INSERT INTO product_instance (product_instance_id, added, product_id) VALUES (645, '2013-08-02 12:27:06.955496', 113);
INSERT INTO product_instance (product_instance_id, added, product_id) VALUES (646, '2013-08-02 12:27:06.955496', 113);
INSERT INTO product_instance (product_instance_id, added, product_id) VALUES (647, '2013-08-02 12:27:06.955496', 113);
INSERT INTO product_instance (product_instance_id, added, product_id) VALUES (648, '2013-08-02 12:27:06.955496', 113);
INSERT INTO product_instance (product_instance_id, added, product_id) VALUES (649, '2013-08-02 12:27:32.857074', 109);
INSERT INTO product_instance (product_instance_id, added, product_id) VALUES (650, '2013-08-02 12:27:32.857074', 109);
INSERT INTO product_instance (product_instance_id, added, product_id) VALUES (651, '2013-08-02 12:27:32.857074', 109);
INSERT INTO product_instance (product_instance_id, added, product_id) VALUES (652, '2013-08-02 12:27:32.857074', 109);
INSERT INTO product_instance (product_instance_id, added, product_id) VALUES (653, '2013-08-02 12:27:32.857074', 109);
INSERT INTO product_instance (product_instance_id, added, product_id) VALUES (654, '2013-08-02 12:27:32.857074', 109);
INSERT INTO product_instance (product_instance_id, added, product_id) VALUES (655, '2013-08-02 12:27:32.857074', 109);
INSERT INTO product_instance (product_instance_id, added, product_id) VALUES (656, '2013-08-02 12:27:32.857074', 109);
INSERT INTO product_instance (product_instance_id, added, product_id) VALUES (657, '2013-08-02 12:27:32.857074', 109);
INSERT INTO product_instance (product_instance_id, added, product_id) VALUES (658, '2013-08-02 12:27:32.857074', 109);
INSERT INTO product_instance (product_instance_id, added, product_id) VALUES (659, '2013-08-02 12:27:32.857074', 109);
INSERT INTO product_instance (product_instance_id, added, product_id) VALUES (660, '2013-08-02 12:27:32.857074', 109);
INSERT INTO product_instance (product_instance_id, added, product_id) VALUES (661, '2013-08-02 12:27:32.857074', 109);
INSERT INTO product_instance (product_instance_id, added, product_id) VALUES (662, '2013-08-02 12:27:32.857074', 109);
INSERT INTO product_instance (product_instance_id, added, product_id) VALUES (663, '2013-08-02 12:27:32.857074', 109);
INSERT INTO product_instance (product_instance_id, added, product_id) VALUES (664, '2013-08-02 12:27:32.857074', 109);
INSERT INTO product_instance (product_instance_id, added, product_id) VALUES (665, '2013-08-02 12:27:32.857074', 109);
INSERT INTO product_instance (product_instance_id, added, product_id) VALUES (666, '2013-08-02 12:27:32.857074', 109);
INSERT INTO product_instance (product_instance_id, added, product_id) VALUES (667, '2013-08-02 12:27:32.857074', 109);
INSERT INTO product_instance (product_instance_id, added, product_id) VALUES (668, '2013-08-02 12:27:32.857074', 109);
INSERT INTO product_instance (product_instance_id, added, product_id) VALUES (669, '2013-08-02 12:27:32.857074', 109);
INSERT INTO product_instance (product_instance_id, added, product_id) VALUES (670, '2013-08-02 12:27:32.857074', 109);
INSERT INTO product_instance (product_instance_id, added, product_id) VALUES (671, '2013-08-02 12:27:52.582506', 118);
INSERT INTO product_instance (product_instance_id, added, product_id) VALUES (672, '2013-08-02 12:27:52.582506', 118);
INSERT INTO product_instance (product_instance_id, added, product_id) VALUES (673, '2013-08-02 12:27:52.582506', 118);
INSERT INTO product_instance (product_instance_id, added, product_id) VALUES (674, '2013-08-02 12:27:52.582506', 118);
INSERT INTO product_instance (product_instance_id, added, product_id) VALUES (675, '2013-08-02 12:27:52.582506', 118);
INSERT INTO product_instance (product_instance_id, added, product_id) VALUES (676, '2013-08-02 12:27:52.582506', 118);
INSERT INTO product_instance (product_instance_id, added, product_id) VALUES (677, '2013-08-02 12:27:52.582506', 118);
INSERT INTO product_instance (product_instance_id, added, product_id) VALUES (678, '2013-08-02 12:27:52.582506', 118);
INSERT INTO product_instance (product_instance_id, added, product_id) VALUES (679, '2013-08-02 12:27:52.582506', 118);
INSERT INTO product_instance (product_instance_id, added, product_id) VALUES (680, '2013-08-02 12:27:52.582506', 118);
INSERT INTO product_instance (product_instance_id, added, product_id) VALUES (681, '2013-08-02 12:27:52.582506', 118);
INSERT INTO product_instance (product_instance_id, added, product_id) VALUES (682, '2013-08-02 12:27:52.582506', 118);
INSERT INTO product_instance (product_instance_id, added, product_id) VALUES (683, '2013-08-02 12:27:52.582506', 118);
INSERT INTO product_instance (product_instance_id, added, product_id) VALUES (684, '2013-08-02 12:27:52.582506', 118);
INSERT INTO product_instance (product_instance_id, added, product_id) VALUES (685, '2013-08-02 12:27:52.582506', 118);
INSERT INTO product_instance (product_instance_id, added, product_id) VALUES (686, '2013-08-02 12:27:52.582506', 118);
INSERT INTO product_instance (product_instance_id, added, product_id) VALUES (687, '2013-08-02 12:27:52.582506', 118);
INSERT INTO product_instance (product_instance_id, added, product_id) VALUES (688, '2013-08-02 12:27:52.582506', 118);
INSERT INTO product_instance (product_instance_id, added, product_id) VALUES (689, '2013-08-02 12:27:52.582506', 118);
INSERT INTO product_instance (product_instance_id, added, product_id) VALUES (690, '2013-08-02 12:27:52.582506', 118);
INSERT INTO product_instance (product_instance_id, added, product_id) VALUES (691, '2013-08-02 12:27:52.582506', 118);
INSERT INTO product_instance (product_instance_id, added, product_id) VALUES (692, '2013-08-02 12:27:52.582506', 118);
INSERT INTO product_instance (product_instance_id, added, product_id) VALUES (693, '2013-08-02 12:28:29.108609', 52);
INSERT INTO product_instance (product_instance_id, added, product_id) VALUES (694, '2013-08-02 12:28:29.108609', 52);
INSERT INTO product_instance (product_instance_id, added, product_id) VALUES (695, '2013-08-02 12:28:29.108609', 52);
INSERT INTO product_instance (product_instance_id, added, product_id) VALUES (696, '2013-08-02 12:28:29.108609', 52);
INSERT INTO product_instance (product_instance_id, added, product_id) VALUES (697, '2013-08-02 12:28:29.108609', 52);
INSERT INTO product_instance (product_instance_id, added, product_id) VALUES (698, '2013-08-02 12:28:29.108609', 52);
INSERT INTO product_instance (product_instance_id, added, product_id) VALUES (699, '2013-08-02 12:28:29.108609', 52);
INSERT INTO product_instance (product_instance_id, added, product_id) VALUES (700, '2013-08-02 12:28:29.108609', 52);
INSERT INTO product_instance (product_instance_id, added, product_id) VALUES (701, '2013-08-02 12:28:29.108609', 52);
INSERT INTO product_instance (product_instance_id, added, product_id) VALUES (702, '2013-08-02 12:28:29.108609', 52);
INSERT INTO product_instance (product_instance_id, added, product_id) VALUES (703, '2013-08-02 12:28:29.108609', 52);
INSERT INTO product_instance (product_instance_id, added, product_id) VALUES (704, '2013-08-02 12:28:29.108609', 52);
INSERT INTO product_instance (product_instance_id, added, product_id) VALUES (705, '2013-08-02 12:28:29.108609', 52);
INSERT INTO product_instance (product_instance_id, added, product_id) VALUES (706, '2013-08-02 12:28:29.108609', 52);
INSERT INTO product_instance (product_instance_id, added, product_id) VALUES (707, '2013-08-02 12:28:29.108609', 52);
INSERT INTO product_instance (product_instance_id, added, product_id) VALUES (708, '2013-08-02 12:28:29.108609', 52);
INSERT INTO product_instance (product_instance_id, added, product_id) VALUES (709, '2013-08-02 12:28:29.108609', 52);
INSERT INTO product_instance (product_instance_id, added, product_id) VALUES (710, '2013-08-02 12:28:29.108609', 52);
INSERT INTO product_instance (product_instance_id, added, product_id) VALUES (711, '2013-08-02 12:28:29.108609', 52);
INSERT INTO product_instance (product_instance_id, added, product_id) VALUES (712, '2013-08-02 12:28:29.108609', 52);
INSERT INTO product_instance (product_instance_id, added, product_id) VALUES (713, '2013-08-02 12:28:29.108609', 52);
INSERT INTO product_instance (product_instance_id, added, product_id) VALUES (714, '2013-08-02 12:28:29.108609', 52);
INSERT INTO product_instance (product_instance_id, added, product_id) VALUES (715, '2013-08-02 12:29:01.90707', 67);
INSERT INTO product_instance (product_instance_id, added, product_id) VALUES (716, '2013-08-02 12:29:01.90707', 67);
INSERT INTO product_instance (product_instance_id, added, product_id) VALUES (717, '2013-08-02 12:29:01.90707', 67);
INSERT INTO product_instance (product_instance_id, added, product_id) VALUES (718, '2013-08-02 12:29:01.90707', 67);
INSERT INTO product_instance (product_instance_id, added, product_id) VALUES (719, '2013-08-02 12:29:01.90707', 67);
INSERT INTO product_instance (product_instance_id, added, product_id) VALUES (720, '2013-08-02 12:29:01.90707', 67);
INSERT INTO product_instance (product_instance_id, added, product_id) VALUES (721, '2013-08-02 12:29:01.90707', 67);
INSERT INTO product_instance (product_instance_id, added, product_id) VALUES (722, '2013-08-02 12:29:01.90707', 67);
INSERT INTO product_instance (product_instance_id, added, product_id) VALUES (723, '2013-08-02 12:29:01.90707', 67);
INSERT INTO product_instance (product_instance_id, added, product_id) VALUES (724, '2013-08-02 12:29:01.90707', 67);
INSERT INTO product_instance (product_instance_id, added, product_id) VALUES (725, '2013-08-02 12:29:01.90707', 67);
INSERT INTO product_instance (product_instance_id, added, product_id) VALUES (726, '2013-08-02 12:29:01.90707', 67);
INSERT INTO product_instance (product_instance_id, added, product_id) VALUES (727, '2013-08-02 12:29:01.90707', 67);
INSERT INTO product_instance (product_instance_id, added, product_id) VALUES (728, '2013-08-02 12:29:01.90707', 67);
INSERT INTO product_instance (product_instance_id, added, product_id) VALUES (729, '2013-08-02 12:29:01.90707', 67);
INSERT INTO product_instance (product_instance_id, added, product_id) VALUES (730, '2013-08-02 12:29:01.90707', 67);
INSERT INTO product_instance (product_instance_id, added, product_id) VALUES (731, '2013-08-02 12:29:01.90707', 67);
INSERT INTO product_instance (product_instance_id, added, product_id) VALUES (732, '2013-08-02 12:29:01.90707', 67);
INSERT INTO product_instance (product_instance_id, added, product_id) VALUES (733, '2013-08-02 12:29:01.90707', 67);
INSERT INTO product_instance (product_instance_id, added, product_id) VALUES (734, '2013-08-02 12:29:01.90707', 67);
INSERT INTO product_instance (product_instance_id, added, product_id) VALUES (735, '2013-08-02 12:29:01.90707', 67);
INSERT INTO product_instance (product_instance_id, added, product_id) VALUES (736, '2013-08-02 12:29:01.90707', 67);
INSERT INTO product_instance (product_instance_id, added, product_id) VALUES (737, '2013-08-02 12:29:02.905446', 67);
INSERT INTO product_instance (product_instance_id, added, product_id) VALUES (738, '2013-08-02 12:29:02.905446', 67);
INSERT INTO product_instance (product_instance_id, added, product_id) VALUES (739, '2013-08-02 12:29:02.905446', 67);
INSERT INTO product_instance (product_instance_id, added, product_id) VALUES (740, '2013-08-02 12:29:02.905446', 67);
INSERT INTO product_instance (product_instance_id, added, product_id) VALUES (741, '2013-08-02 12:29:02.905446', 67);
INSERT INTO product_instance (product_instance_id, added, product_id) VALUES (742, '2013-08-02 12:29:02.905446', 67);
INSERT INTO product_instance (product_instance_id, added, product_id) VALUES (743, '2013-08-02 12:29:02.905446', 67);
INSERT INTO product_instance (product_instance_id, added, product_id) VALUES (744, '2013-08-02 12:29:02.905446', 67);
INSERT INTO product_instance (product_instance_id, added, product_id) VALUES (745, '2013-08-02 12:29:02.905446', 67);
INSERT INTO product_instance (product_instance_id, added, product_id) VALUES (746, '2013-08-02 12:29:02.905446', 67);
INSERT INTO product_instance (product_instance_id, added, product_id) VALUES (747, '2013-08-02 12:29:02.905446', 67);
INSERT INTO product_instance (product_instance_id, added, product_id) VALUES (748, '2013-08-02 12:29:02.905446', 67);
INSERT INTO product_instance (product_instance_id, added, product_id) VALUES (749, '2013-08-02 12:29:02.905446', 67);
INSERT INTO product_instance (product_instance_id, added, product_id) VALUES (750, '2013-08-02 12:29:02.905446', 67);
INSERT INTO product_instance (product_instance_id, added, product_id) VALUES (751, '2013-08-02 12:29:02.905446', 67);
INSERT INTO product_instance (product_instance_id, added, product_id) VALUES (752, '2013-08-02 12:29:02.905446', 67);
INSERT INTO product_instance (product_instance_id, added, product_id) VALUES (753, '2013-08-02 12:29:02.905446', 67);
INSERT INTO product_instance (product_instance_id, added, product_id) VALUES (754, '2013-08-02 12:29:02.905446', 67);
INSERT INTO product_instance (product_instance_id, added, product_id) VALUES (755, '2013-08-02 12:29:02.905446', 67);
INSERT INTO product_instance (product_instance_id, added, product_id) VALUES (756, '2013-08-02 12:29:02.905446', 67);
INSERT INTO product_instance (product_instance_id, added, product_id) VALUES (757, '2013-08-02 12:29:02.905446', 67);
INSERT INTO product_instance (product_instance_id, added, product_id) VALUES (758, '2013-08-02 12:29:02.905446', 67);
INSERT INTO product_instance (product_instance_id, added, product_id) VALUES (759, '2013-08-02 12:30:06.699', 60);






INSERT INTO opinion (opinion_id, content, product_id, added) VALUES (801, 'Przykładowa treść opinii. Lorem ipsum dolor sit amet...', 81, '2013-08-05 08:38:13.737');
INSERT INTO opinion (opinion_id, content, product_id, added) VALUES (802, 'Przykładowa treść opinii. Lorem ipsum dolor sit amet...', 81, '2013-08-05 08:38:19.826');
INSERT INTO opinion (opinion_id, content, product_id, added) VALUES (803, 'Przykładowa treść opinii. Lorem ipsum dolor sit amet...', 118, '2013-08-05 08:39:50.654');
INSERT INTO opinion (opinion_id, content, product_id, added) VALUES (804, 'Przykładowa treść opinii. Lorem ipsum dolor sit amet...', 47, '2013-08-05 08:41:19.241');
INSERT INTO opinion (opinion_id, content, product_id, added) VALUES (805, 'Przykładowa treść opinii. Lorem ipsum dolor sit amet...', 47, '2013-08-05 08:41:22.944');
INSERT INTO opinion (opinion_id, content, product_id, added) VALUES (806, 'Przykładowa treść opinii. Lorem ipsum dolor sit amet...', 47, '2013-08-05 08:41:27.24');
INSERT INTO opinion (opinion_id, content, product_id, added) VALUES (807, 'Przykładowa treść opinii. Lorem ipsum dolor sit amet...', 63, '2013-08-05 08:42:08.817');
INSERT INTO opinion (opinion_id, content, product_id, added) VALUES (808, 'Przykładowa treść opinii. Lorem ipsum dolor sit amet...', 63, '2013-08-05 08:42:13.014');
INSERT INTO opinion (opinion_id, content, product_id, added) VALUES (809, 'Przykładowa treść opinii. Lorem ipsum dolor sit amet...', 89, '2013-08-05 08:43:24.971');
INSERT INTO opinion (opinion_id, content, product_id, added) VALUES (810, 'Przykładowa treść opinii. Lorem ipsum dolor sit amet...', 89, '2013-08-05 08:43:28.172');







INSERT INTO db_status (db_status_id) VALUES ('C');
INSERT INTO db_status (db_status_id) VALUES ('U');
INSERT INTO db_status (db_status_id) VALUES ('F');
INSERT INTO db_status (db_status_id) VALUES ('D');



INSERT INTO ord (order_id, created, db_status_id, delivery_address_id, modified) VALUES (770, '2013-08-05 08:07:55.773', 'C', 769, '2013-08-05 08:07:55.773');
INSERT INTO ord (order_id, created, db_status_id, delivery_address_id, modified) VALUES (772, '2013-08-05 08:09:05.08', 'C', 771, '2013-08-05 08:09:05.08');
INSERT INTO ord (order_id, created, db_status_id, delivery_address_id, modified) VALUES (773, '2013-08-05 08:10:06.793', 'C', 771, '2013-08-05 08:10:06.793');
INSERT INTO ord (order_id, created, db_status_id, delivery_address_id, modified) VALUES (778, '2013-08-05 08:11:51.595', 'C', 775, '2013-08-05 08:11:51.595');
INSERT INTO ord (order_id, created, db_status_id, delivery_address_id, modified) VALUES (780, '2013-08-05 08:13:56.113', 'C', 779, '2013-08-05 08:13:56.113');
INSERT INTO ord (order_id, created, db_status_id, delivery_address_id, modified) VALUES (785, '2013-08-05 08:16:24.486', 'C', 783, '2013-08-05 08:16:24.486');
INSERT INTO ord (order_id, created, db_status_id, delivery_address_id, modified) VALUES (792, '2013-08-05 08:19:39.607', 'C', 791, '2013-08-05 08:19:39.607');
INSERT INTO ord (order_id, created, db_status_id, delivery_address_id, modified) VALUES (798, '2013-08-05 08:24:08.816', 'C', 14, '2013-08-05 08:24:08.816');
INSERT INTO ord (order_id, created, db_status_id, delivery_address_id, modified) VALUES (799, '2013-08-05 08:24:51.972', 'C', 14, '2013-08-05 08:24:51.972');
INSERT INTO ord (order_id, created, db_status_id, delivery_address_id, modified) VALUES (797, '2013-08-05 08:21:51.099', 'U', 796, '2013-08-05 08:27:27.37');
INSERT INTO ord (order_id, created, db_status_id, delivery_address_id, modified) VALUES (768, '2013-08-05 08:06:32.004', 'U', 766, '2013-08-05 08:28:45.576');
INSERT INTO ord (order_id, created, db_status_id, delivery_address_id, modified) VALUES (781, '2013-08-05 08:14:24.999', 'D', 779, '2013-08-05 08:29:33.654');
INSERT INTO ord (order_id, created, db_status_id, delivery_address_id, modified) VALUES (777, '2013-08-05 08:11:31.052', 'D', 775, '2013-08-05 08:29:46.95');
INSERT INTO ord (order_id, created, db_status_id, delivery_address_id, modified) VALUES (774, '2013-08-05 08:10:21.667', 'D', 771, '2013-08-05 08:30:03.924');
INSERT INTO ord (order_id, created, db_status_id, delivery_address_id, modified) VALUES (776, '2013-08-05 08:11:04.073', 'U', 775, '2013-08-05 08:30:34.352');
INSERT INTO ord (order_id, created, db_status_id, delivery_address_id, modified) VALUES (787, '2013-08-05 08:17:56.25', 'U', 786, '2013-08-05 08:30:54.889');
INSERT INTO ord (order_id, created, db_status_id, delivery_address_id, modified) VALUES (784, '2013-08-05 08:15:39.887', 'F', 783, '2013-08-05 08:31:06.875');
INSERT INTO ord (order_id, created, db_status_id, delivery_address_id, modified) VALUES (789, '2013-08-05 08:18:32.031', 'D', 788, '2013-08-05 08:31:22.245');
INSERT INTO ord (order_id, created, db_status_id, delivery_address_id, modified) VALUES (767, '2013-08-05 08:05:57.304', 'C', 766, '2013-08-05 08:05:57.304');
INSERT INTO ord (order_id, created, db_status_id, delivery_address_id, modified) VALUES (800, '2013-08-05 08:25:21.782', 'F', 14, '2013-08-05 08:31:29.994');
INSERT INTO ord (order_id, created, db_status_id, delivery_address_id, modified) VALUES (793, '2013-08-05 08:20:00.257', 'F', 791, '2013-08-05 08:31:59.961');
INSERT INTO ord (order_id, created, db_status_id, delivery_address_id, modified) VALUES (790, '2013-08-05 08:18:49.569', 'U', 788, '2013-08-05 08:32:13.48');
INSERT INTO ord (order_id, created, db_status_id, delivery_address_id, modified) VALUES (795, '2013-08-05 08:21:07.222', 'F', 794, '2013-08-05 08:29:23.693');
INSERT INTO ord (order_id, created, db_status_id, delivery_address_id, modified) VALUES (782, '2013-08-05 08:14:40.902', 'U', 779, '2013-08-05 08:33:26.61');





INSERT INTO feature (feature_type_id, product_id, value) VALUES ('Typ procesora', 40, 'Intel Core i3-3220');
INSERT INTO feature (feature_type_id, product_id, value) VALUES ('System operacyjny', 40, 'Windows 8 Pro');
INSERT INTO feature (feature_type_id, product_id, value) VALUES ('Karta graficzna', 40, 'Intel HD 2500');
INSERT INTO feature (feature_type_id, product_id, value) VALUES ('Liczba portów USB', 40, '6 szt.');
INSERT INTO feature (feature_type_id, product_id, value) VALUES ('Pamięć RAM', 40, '16 GB');
INSERT INTO feature (feature_type_id, product_id, value) VALUES ('Rodzaj pamięci', 40, 'DDR3');
INSERT INTO feature (feature_type_id, product_id, value) VALUES ('Pojemność dysku twardego', 40, '1 TB');
INSERT INTO feature (feature_type_id, product_id, value) VALUES ('Karta graficzna', 43, 'Intel HD');
INSERT INTO feature (feature_type_id, product_id, value) VALUES ('Liczba portów USB', 43, '10 szt.');
INSERT INTO feature (feature_type_id, product_id, value) VALUES ('Pamięć RAM', 43, '8 GB');
INSERT INTO feature (feature_type_id, product_id, value) VALUES ('Pojemność dysku twardego', 43, '500 GB');
INSERT INTO feature (feature_type_id, product_id, value) VALUES ('Rodzaj pamięci', 43, 'DDR3');
INSERT INTO feature (feature_type_id, product_id, value) VALUES ('System operacyjny', 43, 'Windows 7 Professional');
INSERT INTO feature (feature_type_id, product_id, value) VALUES ('Typ procesora', 43, 'Intel Core i5-3570');
INSERT INTO feature (feature_type_id, product_id, value) VALUES ('Karta graficzna', 47, 'Zintegrowana (APU)');
INSERT INTO feature (feature_type_id, product_id, value) VALUES ('Liczba portów USB', 47, '4 szt.');
INSERT INTO feature (feature_type_id, product_id, value) VALUES ('Pamięć RAM', 47, '4 GB');
INSERT INTO feature (feature_type_id, product_id, value) VALUES ('Pojemność dysku twardego', 47, '500 GB');
INSERT INTO feature (feature_type_id, product_id, value) VALUES ('Rodzaj pamięci', 47, 'DDR3');
INSERT INTO feature (feature_type_id, product_id, value) VALUES ('System operacyjny', 47, 'Windows 7 Professional');
INSERT INTO feature (feature_type_id, product_id, value) VALUES ('Typ procesora', 47, 'Intel Celeron G1610');
INSERT INTO feature (feature_type_id, product_id, value) VALUES ('Karta graficzna', 49, 'GeForce GT 650M 2 GB');
INSERT INTO feature (feature_type_id, product_id, value) VALUES ('Liczba portów USB', 49, '3 szt.');
INSERT INTO feature (feature_type_id, product_id, value) VALUES ('Pamięć RAM', 49, '8 GB');
INSERT INTO feature (feature_type_id, product_id, value) VALUES ('Pojemność dysku twardego', 49, '1 TB');
INSERT INTO feature (feature_type_id, product_id, value) VALUES ('Rodzaj pamięci', 49, 'SODIMM DDR3');
INSERT INTO feature (feature_type_id, product_id, value) VALUES ('System operacyjny', 49, 'Microsoft Windows 8 64-bit');
INSERT INTO feature (feature_type_id, product_id, value) VALUES ('Typ procesora', 49, 'Intel Core i5-3210M');
INSERT INTO feature (feature_type_id, product_id, value) VALUES ('Karta graficzna', 52, 'NVIDIA Quadro® K1000M 2GB');
INSERT INTO feature (feature_type_id, product_id, value) VALUES ('Liczba portów USB', 52, '4 szt.');
INSERT INTO feature (feature_type_id, product_id, value) VALUES ('Pamięć RAM', 52, '8 GB');
INSERT INTO feature (feature_type_id, product_id, value) VALUES ('Pojemność dysku twardego', 52, '128 GB SSD');
INSERT INTO feature (feature_type_id, product_id, value) VALUES ('Rodzaj pamięci', 52, 'DDR3');
INSERT INTO feature (feature_type_id, product_id, value) VALUES ('System operacyjny', 52, 'MS Windows 7 Professional 64-bit');
INSERT INTO feature (feature_type_id, product_id, value) VALUES ('Typ procesora', 52, 'Intel Core i7');
INSERT INTO feature (feature_type_id, product_id, value) VALUES ('Czas reakcji [ms]', 57, '7');
INSERT INTO feature (feature_type_id, product_id, value) VALUES ('Matryca (przekątna)', 57, '27');
INSERT INTO feature (feature_type_id, product_id, value) VALUES ('Czas reakcji [ms]', 60, '5');
INSERT INTO feature (feature_type_id, product_id, value) VALUES ('Matryca (przekątna)', 60, '21,5');
INSERT INTO feature (feature_type_id, product_id, value) VALUES ('Czas reakcji [ms]', 63, '8');
INSERT INTO feature (feature_type_id, product_id, value) VALUES ('Matryca (przekątna)', 63, '23');
INSERT INTO feature (feature_type_id, product_id, value) VALUES ('Matryca (przekątna)', 67, '24');
INSERT INTO feature (feature_type_id, product_id, value) VALUES ('Rodzaj piekarnika', 71, 'Elektryczny');
INSERT INTO feature (feature_type_id, product_id, value) VALUES ('Ilość pól grzejnych', 71, '4');
INSERT INTO feature (feature_type_id, product_id, value) VALUES ('Liczba szuflad', 73, '4');
INSERT INTO feature (feature_type_id, product_id, value) VALUES ('Klasa energetyczna', 73, 'A++');
INSERT INTO feature (feature_type_id, product_id, value) VALUES ('Typ okapu', 78, 'Kominowy');
INSERT INTO feature (feature_type_id, product_id, value) VALUES ('Maksymalny wsad', 81, '7 kg');
INSERT INTO feature (feature_type_id, product_id, value) VALUES ('Instalacja', 81, 'wolnostojąca');
INSERT INTO feature (feature_type_id, product_id, value) VALUES ('Długość przewodu', 89, '120 cm');
INSERT INTO feature (feature_type_id, product_id, value) VALUES ('Waga', 89, '170 g');
INSERT INTO feature (feature_type_id, product_id, value) VALUES ('System operacyjny', 94, 'iOS 6');
INSERT INTO feature (feature_type_id, product_id, value) VALUES ('Matryca (przekątna)', 94, '4');
INSERT INTO feature (feature_type_id, product_id, value) VALUES ('Waga', 94, '112 g');
INSERT INTO feature (feature_type_id, product_id, value) VALUES ('System operacyjny', 102, 'Windows Phone 8');
INSERT INTO feature (feature_type_id, product_id, value) VALUES ('Matryca (przekątna)', 102, '3,8');
INSERT INTO feature (feature_type_id, product_id, value) VALUES ('Waga', 102, '127 g');
INSERT INTO feature (feature_type_id, product_id, value) VALUES ('Aparat', 102, '5 megapikseli');
INSERT INTO feature (feature_type_id, product_id, value) VALUES ('Aparat', 94, '8 megapikseli');
INSERT INTO feature (feature_type_id, product_id, value) VALUES ('Aparat', 105, '13,1 megapikseli');
INSERT INTO feature (feature_type_id, product_id, value) VALUES ('Matryca (przekątna)', 105, '5');
INSERT INTO feature (feature_type_id, product_id, value) VALUES ('Pamięć RAM', 105, '2 GB');
INSERT INTO feature (feature_type_id, product_id, value) VALUES ('Klasa energetyczna', 109, 'A+');
INSERT INTO feature (feature_type_id, product_id, value) VALUES ('Matryca (przekątna)', 109, '46');
INSERT INTO feature (feature_type_id, product_id, value) VALUES ('Liczba portów USB', 109, '3');
INSERT INTO feature (feature_type_id, product_id, value) VALUES ('Waga', 109, '13 kg');
INSERT INTO feature (feature_type_id, product_id, value) VALUES ('Matryca (przekątna)', 113, '47');
INSERT INTO feature (feature_type_id, product_id, value) VALUES ('Klasa energetyczna', 113, 'A+');
INSERT INTO feature (feature_type_id, product_id, value) VALUES ('Matryca (przekątna)', 118, '65');
INSERT INTO feature (feature_type_id, product_id, value) VALUES ('Waga', 118, '43,5 kg');
INSERT INTO feature (feature_type_id, product_id, value) VALUES ('Klasa energetyczna', 118, 'C');
INSERT INTO feature (feature_type_id, product_id, value) VALUES ('Matryca (przekątna)', 122, '32');
INSERT INTO feature (feature_type_id, product_id, value) VALUES ('Waga', 122, '6,9 kg');
INSERT INTO feature (feature_type_id, product_id, value) VALUES ('Waga', 125, '13,25 kg');
INSERT INTO feature (feature_type_id, product_id, value) VALUES ('Klasa energetyczna', 125, 'B');
INSERT INTO feature (feature_type_id, product_id, value) VALUES ('Matryca (przekątna)', 125, '40');
INSERT INTO feature (feature_type_id, product_id, value) VALUES ('Matryca (przekątna)', 129, '40');
INSERT INTO feature (feature_type_id, product_id, value) VALUES ('Klasa energetyczna', 129, 'A');
INSERT INTO feature (feature_type_id, product_id, value) VALUES ('Matryca (przekątna)', 132, '42');
INSERT INTO feature (feature_type_id, product_id, value) VALUES ('Waga', 132, '15 kg');
INSERT INTO feature (feature_type_id, product_id, value) VALUES ('Klasa energetyczna', 132, 'A');
INSERT INTO feature (feature_type_id, product_id, value) VALUES ('Waga', 136, '9,8 kg');
INSERT INTO feature (feature_type_id, product_id, value) VALUES ('Klasa energetyczna', 136, 'A');
INSERT INTO feature (feature_type_id, product_id, value) VALUES ('Liczba portów USB', 136, '2');
INSERT INTO feature (feature_type_id, product_id, value) VALUES ('Matryca (przekątna)', 136, '42');
INSERT INTO feature (feature_type_id, product_id, value) VALUES ('Matryca (przekątna)', 49, '15,6');
INSERT INTO feature (feature_type_id, product_id, value) VALUES ('Matryca (przekątna)', 52, '15,6 ');
INSERT INTO feature (feature_type_id, product_id, value) VALUES ('Matryca (przekątna)', 140, '15,6');
INSERT INTO feature (feature_type_id, product_id, value) VALUES ('Karta graficzna', 140, 'NVIDIA GeForce GT740M');
INSERT INTO feature (feature_type_id, product_id, value) VALUES ('Typ procesora', 140, 'Intel Core i7-3537U (2 GHz, 4 MB Cache)');
INSERT INTO feature (feature_type_id, product_id, value) VALUES ('Pamięć RAM', 140, '8 GB');
INSERT INTO feature (feature_type_id, product_id, value) VALUES ('Pojemność dysku twardego', 140, '750 GB');
INSERT INTO feature (feature_type_id, product_id, value) VALUES ('Rodzaj pamięci', 140, 'DDR3');





INSERT INTO image (image_id, product_id) VALUES (41, 40);
INSERT INTO image (image_id, product_id) VALUES (42, 40);
INSERT INTO image (image_id, product_id) VALUES (44, 43);
INSERT INTO image (image_id, product_id) VALUES (45, 43);
INSERT INTO image (image_id, product_id) VALUES (46, 43);
INSERT INTO image (image_id, product_id) VALUES (48, 47);
INSERT INTO image (image_id, product_id) VALUES (50, 49);
INSERT INTO image (image_id, product_id) VALUES (51, 49);
INSERT INTO image (image_id, product_id) VALUES (53, 52);
INSERT INTO image (image_id, product_id) VALUES (54, 52);
INSERT INTO image (image_id, product_id) VALUES (55, 52);
INSERT INTO image (image_id, product_id) VALUES (56, 52);
INSERT INTO image (image_id, product_id) VALUES (58, 57);
INSERT INTO image (image_id, product_id) VALUES (59, 57);
INSERT INTO image (image_id, product_id) VALUES (61, 60);
INSERT INTO image (image_id, product_id) VALUES (62, 60);
INSERT INTO image (image_id, product_id) VALUES (64, 63);
INSERT INTO image (image_id, product_id) VALUES (65, 63);
INSERT INTO image (image_id, product_id) VALUES (66, 63);
INSERT INTO image (image_id, product_id) VALUES (68, 67);
INSERT INTO image (image_id, product_id) VALUES (69, 67);
INSERT INTO image (image_id, product_id) VALUES (72, 71);
INSERT INTO image (image_id, product_id) VALUES (74, 73);
INSERT INTO image (image_id, product_id) VALUES (75, 73);
INSERT INTO image (image_id, product_id) VALUES (76, 73);
INSERT INTO image (image_id, product_id) VALUES (79, 78);
INSERT INTO image (image_id, product_id) VALUES (82, 81);
INSERT INTO image (image_id, product_id) VALUES (85, 84);
INSERT INTO image (image_id, product_id) VALUES (86, 84);
INSERT INTO image (image_id, product_id) VALUES (87, 84);
INSERT INTO image (image_id, product_id) VALUES (90, 89);
INSERT INTO image (image_id, product_id) VALUES (91, 89);
INSERT INTO image (image_id, product_id) VALUES (92, 89);
INSERT INTO image (image_id, product_id) VALUES (98, 94);
INSERT INTO image (image_id, product_id) VALUES (99, 94);
INSERT INTO image (image_id, product_id) VALUES (100, 94);
INSERT INTO image (image_id, product_id) VALUES (103, 102);
INSERT INTO image (image_id, product_id) VALUES (104, 102);
INSERT INTO image (image_id, product_id) VALUES (106, 105);
INSERT INTO image (image_id, product_id) VALUES (107, 105);
INSERT INTO image (image_id, product_id) VALUES (108, 105);
INSERT INTO image (image_id, product_id) VALUES (110, 109);
INSERT INTO image (image_id, product_id) VALUES (114, 113);
INSERT INTO image (image_id, product_id) VALUES (115, 113);
INSERT INTO image (image_id, product_id) VALUES (116, 113);
INSERT INTO image (image_id, product_id) VALUES (119, 118);
INSERT INTO image (image_id, product_id) VALUES (120, 118);
INSERT INTO image (image_id, product_id) VALUES (121, 118);
INSERT INTO image (image_id, product_id) VALUES (123, 122);
INSERT INTO image (image_id, product_id) VALUES (124, 122);
INSERT INTO image (image_id, product_id) VALUES (126, 125);
INSERT INTO image (image_id, product_id) VALUES (127, 125);
INSERT INTO image (image_id, product_id) VALUES (128, 125);
INSERT INTO image (image_id, product_id) VALUES (130, 129);
INSERT INTO image (image_id, product_id) VALUES (131, 129);
INSERT INTO image (image_id, product_id) VALUES (133, 132);
INSERT INTO image (image_id, product_id) VALUES (134, 132);
INSERT INTO image (image_id, product_id) VALUES (135, 132);
INSERT INTO image (image_id, product_id) VALUES (137, 136);
INSERT INTO image (image_id, product_id) VALUES (138, 136);
INSERT INTO image (image_id, product_id) VALUES (139, 136);
INSERT INTO image (image_id, product_id) VALUES (141, 140);
INSERT INTO image (image_id, product_id) VALUES (142, 140);
INSERT INTO image (image_id, product_id) VALUES (143, 140);
INSERT INTO image (image_id, product_id) VALUES (144, 140);
INSERT INTO image (image_id, product_id) VALUES (111, 109);






INSERT INTO ordered_item (order_id, product_instance_id) VALUES (767, 253);
INSERT INTO ordered_item (order_id, product_instance_id) VALUES (767, 145);
INSERT INTO ordered_item (order_id, product_instance_id) VALUES (768, 539);
INSERT INTO ordered_item (order_id, product_instance_id) VALUES (770, 319);
INSERT INTO ordered_item (order_id, product_instance_id) VALUES (770, 275);
INSERT INTO ordered_item (order_id, product_instance_id) VALUES (772, 583);
INSERT INTO ordered_item (order_id, product_instance_id) VALUES (772, 584);
INSERT INTO ordered_item (order_id, product_instance_id) VALUES (772, 585);
INSERT INTO ordered_item (order_id, product_instance_id) VALUES (773, 163);
INSERT INTO ordered_item (order_id, product_instance_id) VALUES (773, 385);
INSERT INTO ordered_item (order_id, product_instance_id) VALUES (773, 605);
INSERT INTO ordered_item (order_id, product_instance_id) VALUES (774, 200);
INSERT INTO ordered_item (order_id, product_instance_id) VALUES (776, 517);
INSERT INTO ordered_item (order_id, product_instance_id) VALUES (777, 627);
INSERT INTO ordered_item (order_id, product_instance_id) VALUES (778, 495);
INSERT INTO ordered_item (order_id, product_instance_id) VALUES (780, 231);
INSERT INTO ordered_item (order_id, product_instance_id) VALUES (780, 164);
INSERT INTO ordered_item (order_id, product_instance_id) VALUES (780, 186);
INSERT INTO ordered_item (order_id, product_instance_id) VALUES (780, 187);
INSERT INTO ordered_item (order_id, product_instance_id) VALUES (780, 188);
INSERT INTO ordered_item (order_id, product_instance_id) VALUES (780, 189);
INSERT INTO ordered_item (order_id, product_instance_id) VALUES (780, 190);
INSERT INTO ordered_item (order_id, product_instance_id) VALUES (781, 276);
INSERT INTO ordered_item (order_id, product_instance_id) VALUES (782, 473);
INSERT INTO ordered_item (order_id, product_instance_id) VALUES (784, 191);
INSERT INTO ordered_item (order_id, product_instance_id) VALUES (784, 341);
INSERT INTO ordered_item (order_id, product_instance_id) VALUES (785, 693);
INSERT INTO ordered_item (order_id, product_instance_id) VALUES (785, 694);
INSERT INTO ordered_item (order_id, product_instance_id) VALUES (785, 695);
INSERT INTO ordered_item (order_id, product_instance_id) VALUES (787, 175);
INSERT INTO ordered_item (order_id, product_instance_id) VALUES (787, 561);
INSERT INTO ordered_item (order_id, product_instance_id) VALUES (787, 254);
INSERT INTO ordered_item (order_id, product_instance_id) VALUES (789, 232);
INSERT INTO ordered_item (order_id, product_instance_id) VALUES (789, 496);
INSERT INTO ordered_item (order_id, product_instance_id) VALUES (790, 214);
INSERT INTO ordered_item (order_id, product_instance_id) VALUES (792, 297);
INSERT INTO ordered_item (order_id, product_instance_id) VALUES (792, 298);
INSERT INTO ordered_item (order_id, product_instance_id) VALUES (793, 671);
INSERT INTO ordered_item (order_id, product_instance_id) VALUES (795, 407);
INSERT INTO ordered_item (order_id, product_instance_id) VALUES (795, 408);
INSERT INTO ordered_item (order_id, product_instance_id) VALUES (795, 409);
INSERT INTO ordered_item (order_id, product_instance_id) VALUES (795, 649);
INSERT INTO ordered_item (order_id, product_instance_id) VALUES (795, 650);
INSERT INTO ordered_item (order_id, product_instance_id) VALUES (795, 651);
INSERT INTO ordered_item (order_id, product_instance_id) VALUES (795, 146);
INSERT INTO ordered_item (order_id, product_instance_id) VALUES (797, 497);
INSERT INTO ordered_item (order_id, product_instance_id) VALUES (797, 498);
INSERT INTO ordered_item (order_id, product_instance_id) VALUES (798, 628);
INSERT INTO ordered_item (order_id, product_instance_id) VALUES (799, 562);
INSERT INTO ordered_item (order_id, product_instance_id) VALUES (799, 277);
INSERT INTO ordered_item (order_id, product_instance_id) VALUES (799, 540);
INSERT INTO ordered_item (order_id, product_instance_id) VALUES (800, 320);
INSERT INTO ordered_item (order_id, product_instance_id) VALUES (800, 499);



select setval('hibernate_sequence', 10000);


